Timestamp,Open,High,Low,Close,Volume,Close_time,Quote_av,Trades,Tb_base_av,Tb_quote_av,Ignore
2022-03-17 14:30:00,1.0001,15.0,1.0001,8.921,2101955.24,1647529199999.0,20171970.824105,52528.0,1055477.06,10112057.957465,0.0
2022-03-17 15:00:00,8.914,9.3,8.35,8.6566,568578.55,1647530999999.0,5073488.244131,16372.0,252756.02,2259200.047652,0.0
2022-03-17 15:30:00,8.6559,8.7716,6.9467,7.38,685379.78,1647532799999.0,5396576.152975,15409.0,302569.31,2408641.092763,0.0
2022-03-17 16:00:00,7.3852,8.058,7.2139,7.8769,749543.22,1647534599999.0,5700064.296778,18976.0,349764.26,2658735.06574,0.0
2022-03-17 16:30:00,7.8796,8.5,7.6154,8.2701,720184.05,1647536399999.0,5858030.172108,20033.0,341873.37,2782146.272193,0.0
2022-03-17 17:00:00,8.2578,8.3798,7.777,8.0043,403676.86,1647538199999.0,3260195.022218,10451.0,160936.01,1300671.180454,0.0
2022-03-17 17:30:00,8.0052,8.2715,7.9231,7.9481,244618.42,1647539999999.0,1979956.176073,6834.0,111494.69,903856.046426,0.0
2022-03-17 18:00:00,7.9419,7.9601,7.601,7.6212,230319.56,1647541799999.0,1781097.680807,5984.0,110065.79,849746.699645,0.0
2022-03-17 18:30:00,7.6262,7.6464,7.289,7.3994,244521.35,1647543599999.0,1829374.753789,5731.0,94501.06,708094.707065,0.0
2022-03-17 19:00:00,7.3997,7.7679,7.3015,7.7078,195985.91,1647545399999.0,1478985.553813,4644.0,104018.08,785770.90116,0.0
2022-03-17 19:30:00,7.7026,7.8607,7.5803,7.7704,227451.31,1647547199999.0,1761104.473268,4956.0,116789.13,903821.588954,0.0
2022-03-17 20:00:00,7.78,8.1458,7.69,8.0859,195333.23,1647548999999.0,1543576.793986,4664.0,107504.01,849029.842406,0.0
2022-03-17 20:30:00,8.0815,8.22,7.9138,8.0889,245659.18,1647550799999.0,1989893.679414,6194.0,108520.46,879788.784615,0.0
2022-03-17 21:00:00,8.0978,8.88,8.06,8.866,372480.37,1647552599999.0,3140342.330514,9124.0,206349.71,1742704.976917,0.0
2022-03-17 21:30:00,8.8542,8.9,8.4235,8.7825,493909.63,1647554399999.0,4295225.887487,11593.0,236211.3,2054189.2409,0.0
2022-03-17 22:00:00,8.7777,8.79,8.2001,8.5637,317877.71,1647556199999.0,2696606.96532,6899.0,131884.09,1120472.419383,0.0
2022-03-17 22:30:00,8.5476,8.5599,8.2,8.2553,169119.25,1647557999999.0,1412520.546904,3892.0,66677.63,557996.739274,0.0
2022-03-17 23:00:00,8.2535,8.4462,8.0501,8.4359,192857.6,1647559799999.0,1594407.829925,4038.0,96688.05,800982.068695,0.0
2022-03-17 23:30:00,8.4359,8.58,8.3098,8.5173,179591.11,1647561599999.0,1519882.617952,4019.0,92312.97,781957.953114,0.0
2022-03-18 00:00:00,8.5288,9.4,8.52,9.2954,506566.88,1647563399999.0,4536704.855832,11136.0,302101.66,2705326.315957,0.0
2022-03-18 00:30:00,9.2961,10.2,9.24,9.5449,870674.32,1647565199999.0,8413215.067809,19377.0,447237.94,4321874.702125,0.0
2022-03-18 01:00:00,9.5476,9.6803,9.0898,9.2603,386042.25,1647566999999.0,3601456.522697,9482.0,175939.43,1643615.80112,0.0
2022-03-18 01:30:00,9.2696,10.1402,9.2553,10.0886,508050.87,1647568799999.0,4954004.314289,14103.0,274711.68,2685378.377432,0.0
2022-03-18 02:00:00,10.0881,11.6294,10.0848,10.7998,1146031.11,1647570599999.0,12494854.171312,29863.0,576466.08,6278909.498156,0.0
2022-03-18 02:30:00,10.7985,11.98,10.4479,11.5961,1046614.68,1647572399999.0,11876121.288652,28214.0,522027.86,5929881.340995,0.0
2022-03-18 03:00:00,11.5774,12.25,11.0322,11.9,789387.42,1647574199999.0,9191649.740691,20531.0,392284.99,4576894.979291,0.0
2022-03-18 03:30:00,11.9,11.9889,10.8139,11.11,694356.42,1647575999999.0,7921645.505477,15929.0,269865.58,3072928.445927,0.0
2022-03-18 04:00:00,11.0968,11.4709,10.65,10.9109,429589.38,1647577799999.0,4765927.315893,11107.0,199957.63,2221651.40169,0.0
2022-03-18 04:30:00,10.9297,11.4107,10.6,11.3535,398180.58,1647579599999.0,4380435.847074,9400.0,193142.69,2130581.414114,0.0
2022-03-18 05:00:00,11.3394,11.8543,11.1471,11.6602,471647.47,1647581399999.0,5423578.683896,11931.0,242693.13,2796509.693101,0.0
2022-03-18 05:30:00,11.6564,11.7398,10.985,11.2957,385711.17,1647583199999.0,4369862.376168,9939.0,173888.98,1969716.819303,0.0
2022-03-18 06:00:00,11.3221,12.25,11.3161,11.9249,489628.8,1647584999999.0,5765579.218953,11873.0,273452.69,3219268.355573,0.0
2022-03-18 06:30:00,11.9227,12.5,11.7527,12.255,741897.13,1647586799999.0,9051392.496653,18962.0,369316.47,4505283.936132,0.0
2022-03-18 07:00:00,12.2548,13.8,12.1173,13.5865,855781.7,1647588599999.0,11018183.581665,23354.0,449079.28,5772787.115658,0.0
2022-03-18 07:30:00,13.5758,14.8888,13.1616,13.869,1670559.25,1647590399999.0,23577328.826052,43817.0,761703.2,10735048.526502,0.0
2022-03-18 08:00:00,13.8688,15.4796,13.61,15.4272,1288735.01,1647592199999.0,18929274.207155,38507.0,686232.24,10073971.352219,0.0
2022-03-18 08:30:00,15.4272,18.0366,14.6988,16.3,2099219.92,1647593999999.0,34502633.036372,66305.0,1064734.67,17508855.871103,0.0
2022-03-18 09:00:00,16.3195,16.4,14.0,14.8115,2095551.0,1647595799999.0,32357142.622269,56901.0,962391.47,14870741.024344,0.0
2022-03-18 09:30:00,14.8104,15.5213,14.2952,14.7797,1063411.61,1647597599999.0,15871406.053707,34024.0,560775.05,8372166.100703,0.0
2022-03-18 10:00:00,14.7698,15.0988,14.2,14.9077,605963.68,1647599399999.0,8871868.142302,21431.0,293682.68,4302919.395228,0.0
2022-03-18 10:30:00,14.8994,15.5271,14.4,15.2376,642256.78,1647601199999.0,9698635.442227,22724.0,312055.52,4709810.693138,0.0
2022-03-18 11:00:00,15.2375,15.39,14.5,14.7518,570652.59,1647602999999.0,8440353.891776,18115.0,278662.31,4130230.187864,0.0
2022-03-18 11:30:00,14.7555,15.4255,14.7217,15.4,621867.25,1647604799999.0,9400591.568451,18436.0,293838.95,4441730.333402,0.0
2022-03-18 12:00:00,15.4,16.44,15.3999,15.8805,1022020.02,1647606599999.0,16233643.635222,32985.0,498777.33,7922904.116644,0.0
2022-03-18 12:30:00,15.8938,15.9299,14.8299,15.1558,564908.02,1647608399999.0,8636199.679069,18814.0,249281.44,3812732.493791,0.0
2022-03-18 13:00:00,15.1662,15.21,14.6101,15.0614,420299.41,1647610199999.0,6264480.316009,14153.0,219244.14,3269711.11648,0.0
2022-03-18 13:30:00,15.0596,15.0596,14.2051,14.3717,370643.43,1647611999999.0,5444563.211597,11696.0,146799.14,2162021.742634,0.0
2022-03-18 14:00:00,14.3685,14.4217,13.4126,14.0992,1100136.46,1647613799999.0,15220170.825873,25760.0,527038.63,7293457.785859,0.0
2022-03-18 14:30:00,14.0959,14.4099,13.6462,13.9231,472788.77,1647615599999.0,6623108.871235,13236.0,226683.34,3172058.018232,0.0
2022-03-18 15:00:00,13.9182,14.0107,12.696,12.9366,873211.95,1647617399999.0,11413670.255715,18436.0,444716.49,5795185.309832,0.0
2022-03-18 15:30:00,12.9348,13.3499,12.6015,13.0375,604290.75,1647619199999.0,7842234.38444,14569.0,296620.26,3848873.188736,0.0
2022-03-18 16:00:00,13.0399,13.8,12.9511,13.3593,627031.35,1647620999999.0,8456632.429101,15586.0,291576.31,3927800.92502,0.0
2022-03-18 16:30:00,13.3594,13.4915,12.6468,13.1371,384375.62,1647622799999.0,5002174.436899,10594.0,172992.11,2254846.585154,0.0
2022-03-18 17:00:00,13.1378,13.4525,12.8,13.0313,318591.31,1647624599999.0,4182559.867673,10285.0,154716.08,2033097.161391,0.0
2022-03-18 17:30:00,13.0284,14.2306,12.9388,13.8499,584658.86,1647626399999.0,8022262.752771,16934.0,284579.68,3895699.394066,0.0
2022-03-18 18:00:00,13.8496,14.2497,13.5627,13.9475,479614.09,1647628199999.0,6689540.935019,13538.0,221952.42,3097230.732815,0.0
2022-03-18 18:30:00,13.9471,14.604,13.9387,14.4671,547987.73,1647629999999.0,7850696.597192,15038.0,288584.77,4133696.095701,0.0
2022-03-18 19:00:00,14.4791,14.9678,14.3091,14.4653,477164.7,1647631799999.0,6997532.996057,15084.0,248587.32,3644618.373043,0.0
2022-03-18 19:30:00,14.4751,14.5742,13.82,14.25,379775.34,1647633599999.0,5348066.437423,10654.0,204944.75,2885935.333897,0.0
2022-03-18 20:00:00,14.25,14.7123,14.02,14.5199,327979.27,1647635399999.0,4726247.972882,9986.0,168637.14,2429846.552592,0.0
2022-03-18 20:30:00,14.501,14.6249,14.0001,14.2082,228452.61,1647637199999.0,3278271.597126,6870.0,108150.97,1554016.704459,0.0
2022-03-18 21:00:00,14.2081,14.3835,13.646,14.0338,263197.61,1647638999999.0,3674183.689092,7459.0,102850.15,1436359.17924,0.0
2022-03-18 21:30:00,14.0192,14.1533,13.7662,14.1033,170168.61,1647640799999.0,2381616.708095,5034.0,96053.62,1345866.658066,0.0
2022-03-18 22:00:00,14.0913,14.5,13.849,14.0007,196118.07,1647642599999.0,2781478.216019,5988.0,96735.44,1372899.839257,0.0
2022-03-18 22:30:00,13.9879,14.056,13.1001,13.2402,230621.94,1647644399999.0,3146631.986674,6231.0,86525.29,1181990.377118,0.0
2022-03-18 23:00:00,13.24,13.514,13.0932,13.3359,184990.78,1647646199999.0,2468009.288303,5365.0,85211.21,1138126.940515,0.0
2022-03-18 23:30:00,13.338,13.46,12.89,13.0883,241493.21,1647647999999.0,3163654.352771,5741.0,114924.16,1505810.857223,0.0
2022-03-19 00:00:00,13.0873,13.4508,12.7118,12.8455,298668.8,1647649799999.0,3923460.345321,7857.0,130791.11,1720141.80335,0.0
2022-03-19 00:30:00,12.8496,13.4722,12.8444,13.437,224324.97,1647651599999.0,2951361.230354,5584.0,112171.49,1474170.73081,0.0
2022-03-19 01:00:00,13.4353,13.8846,13.2405,13.6828,329708.54,1647653399999.0,4484149.339646,9169.0,166715.82,2265094.58024,0.0
2022-03-19 01:30:00,13.6695,14.3221,13.5256,14.1159,348540.37,1647655199999.0,4872849.689081,9632.0,206517.37,2891237.726579,0.0
2022-03-19 02:00:00,14.1207,14.4899,13.8396,14.0036,280283.43,1647656999999.0,3970559.922675,7845.0,151933.55,2157841.531788,0.0
2022-03-19 02:30:00,14.0037,14.1665,13.6872,14.0333,119474.73,1647658799999.0,1663641.255539,3888.0,64752.58,903203.50332,0.0
2022-03-19 03:00:00,14.0313,14.7486,14.0015,14.5093,254734.42,1647660599999.0,3667360.133456,8564.0,149166.21,2147686.937336,0.0
2022-03-19 03:30:00,14.5002,14.5937,14.0004,14.06,185732.39,1647662399999.0,2650247.977965,5625.0,83408.56,1190606.529284,0.0
2022-03-19 04:00:00,14.0683,14.2765,13.8257,13.8888,142394.54,1647664199999.0,1996723.076042,4769.0,66959.11,940599.074425,0.0
2022-03-19 04:30:00,13.8887,14.2001,13.7636,14.0489,159652.56,1647665999999.0,2234795.444946,4812.0,93167.05,1305604.658534,0.0
2022-03-19 05:00:00,14.0482,14.0487,13.4,13.5556,170769.47,1647667799999.0,2338643.267629,4330.0,56325.56,771770.560801,0.0
2022-03-19 05:30:00,13.5607,13.6026,13.2005,13.2308,141676.95,1647669599999.0,1900858.871555,3631.0,58504.89,785400.282334,0.0
2022-03-19 06:00:00,13.2272,13.51,13.13,13.372,153450.28,1647671399999.0,2049253.745109,3986.0,80261.48,1072231.210055,0.0
2022-03-19 06:30:00,13.372,13.5568,13.2739,13.4225,156046.01,1647673199999.0,2098137.19849,3436.0,67860.92,912005.054074,0.0
2022-03-19 07:00:00,13.4268,13.4594,13.0505,13.1149,113683.15,1647674999999.0,1500631.034029,3204.0,47888.88,631682.633763,0.0
2022-03-19 07:30:00,13.1079,13.39,13.1033,13.25,119727.83,1647676799999.0,1584224.960157,2959.0,46827.68,620551.265323,0.0
2022-03-19 08:00:00,13.2501,13.2935,12.9301,13.1251,164684.13,1647678599999.0,2153045.853152,4315.0,67501.47,882668.965263,0.0
2022-03-19 08:30:00,13.1271,13.359,12.9766,13.3228,122005.63,1647680399999.0,1603619.096047,3475.0,59887.44,788771.296076,0.0
2022-03-19 09:00:00,13.3152,13.4912,13.2027,13.3632,164021.99,1647682199999.0,2191110.256999,4027.0,69210.82,925284.887966,0.0
2022-03-19 09:30:00,13.3621,13.45,13.0024,13.0341,125290.68,1647683999999.0,1654690.165097,3663.0,40808.33,540302.019685,0.0
2022-03-19 10:00:00,13.0351,13.4,13.0288,13.3177,123203.44,1647685799999.0,1629089.749159,3402.0,74818.59,989918.114857,0.0
2022-03-19 10:30:00,13.3137,13.55,13.2511,13.4451,179686.23,1647687599999.0,2407068.668162,4016.0,86705.32,1161874.026996,0.0
2022-03-19 11:00:00,13.4489,13.8606,13.3991,13.4302,282722.8,1647689399999.0,3856915.801333,6042.0,142738.8,1947937.085699,0.0
2022-03-19 11:30:00,13.4387,13.6,13.3371,13.3844,112006.53,1647691199999.0,1506829.92986,3307.0,57503.18,774042.197035,0.0
2022-03-19 12:00:00,13.4126,13.5831,13.16,13.2251,133610.58,1647692999999.0,1785534.666767,3621.0,55776.78,745985.928626,0.0
2022-03-19 12:30:00,13.2348,13.2999,13.1141,13.2249,96483.88,1647694799999.0,1275589.03581,2433.0,50838.66,672254.967689,0.0
2022-03-19 13:00:00,13.2266,13.3132,13.1001,13.2121,106500.48,1647696599999.0,1405310.306105,2769.0,48214.35,636060.887895,0.0
2022-03-19 13:30:00,13.2041,13.295,13.03,13.0386,97984.44,1647698399999.0,1290471.939199,3088.0,42743.82,563135.537735,0.0
2022-03-19 14:00:00,13.03,13.377,12.9345,13.31,195157.0,1647700199999.0,2577854.063038,5171.0,104731.6,1385707.744406,0.0
2022-03-19 14:30:00,13.31,13.555,13.21,13.5006,143251.0,1647701999999.0,1922181.293249,4145.0,80354.95,1079036.936451,0.0
2022-03-19 15:00:00,13.5067,14.05,13.41,13.82,466046.59,1647703799999.0,6431740.310946,10602.0,264985.05,3656731.853852,0.0
2022-03-19 15:30:00,13.8209,14.2884,13.82,14.1568,432944.78,1647705599999.0,6097767.93636,10926.0,258600.59,3641628.703766,0.0
2022-03-19 16:00:00,14.1641,14.1646,13.6545,14.0578,289615.58,1647707399999.0,4019112.754661,6646.0,156355.56,2168594.60887,0.0
2022-03-19 16:30:00,14.0383,14.4,13.8671,14.316,232772.5,1647709199999.0,3282831.018325,6945.0,132635.35,1871499.550876,0.0
2022-03-19 17:00:00,14.3063,14.5151,13.8615,13.8654,262787.95,1647710999999.0,3739767.41684,7184.0,118568.91,1693880.858277,0.0
2022-03-19 17:30:00,13.8688,13.97,13.7703,13.8005,119391.4,1647712799999.0,1656169.767829,3211.0,49432.03,685791.852742,0.0
2022-03-19 18:00:00,13.8005,13.8089,12.7293,13.0211,516940.29,1647714599999.0,6849833.267511,10977.0,207593.65,2762413.540973,0.0
2022-03-19 18:30:00,13.0171,13.28,12.8825,13.2092,200192.62,1647716399999.0,2616489.509799,5255.0,101725.93,1330916.63315,0.0
2022-03-19 19:00:00,13.2126,13.27,13.0472,13.1101,97000.05,1647718199999.0,1277755.269863,2837.0,48193.03,635284.059567,0.0
2022-03-19 19:30:00,13.1168,13.2741,13.0523,13.1324,116059.53,1647719999999.0,1530055.856888,2512.0,51126.21,673991.902874,0.0
2022-03-19 20:00:00,13.1307,13.35,13.1,13.28,130476.48,1647721799999.0,1723973.939676,2961.0,74241.02,981462.964228,0.0
2022-03-19 20:30:00,13.2844,13.31,13.0387,13.0948,68562.97,1647723599999.0,903553.808709,2091.0,25714.54,339207.206192,0.0
2022-03-19 21:00:00,13.0985,13.2169,13.0781,13.1799,62172.48,1647725399999.0,817611.420247,1750.0,37308.13,490757.130077,0.0
2022-03-19 21:30:00,13.17,13.2394,13.02,13.0558,110206.23,1647727199999.0,1445185.720395,2760.0,42540.37,558414.446821,0.0
2022-03-19 22:00:00,13.0569,13.0998,12.15,12.3856,422642.5,1647728999999.0,5297684.899627,9959.0,181164.83,2265841.571604,0.0
2022-03-19 22:30:00,12.3858,12.4806,12.1206,12.2599,209406.62,1647730799999.0,2571615.660381,5015.0,92244.09,1132255.761946,0.0
2022-03-19 23:00:00,12.2604,12.3045,11.68,11.6962,351059.07,1647732599999.0,4198135.248373,7469.0,146382.6,1750876.51176,0.0
2022-03-19 23:30:00,11.6938,11.8649,11.435,11.7309,390678.01,1647734399999.0,4563109.015766,9141.0,152368.05,1781803.67484,0.0
2022-03-20 00:00:00,11.7251,11.7796,11.3066,11.4208,391860.74,1647736199999.0,4507846.062386,9502.0,183102.68,2107858.2179,0.0
2022-03-20 00:30:00,11.4137,11.8244,11.3946,11.5399,252175.51,1647737999999.0,2941265.206612,6171.0,107404.53,1251364.430463,0.0
2022-03-20 01:00:00,11.551,11.7318,11.2,11.3617,299624.26,1647739799999.0,3409352.527162,7734.0,148585.47,1691947.610494,0.0
2022-03-20 01:30:00,11.3631,11.6364,11.2271,11.5785,201097.46,1647741599999.0,2293167.098769,6018.0,110520.76,1259358.354616,0.0
2022-03-20 02:00:00,11.583,11.78,11.493,11.5638,141780.77,1647743399999.0,1649974.886996,4645.0,70922.43,825520.611784,0.0
2022-03-20 02:30:00,11.5638,11.751,11.5043,11.7427,93024.77,1647745199999.0,1083150.8356,3171.0,54012.48,629262.831851,0.0
2022-03-20 03:00:00,11.75,11.8323,11.4109,11.5902,166289.59,1647746999999.0,1929217.57157,4604.0,67374.83,781687.593602,0.0
2022-03-20 03:30:00,11.588,11.6867,11.34,11.4716,140671.83,1647748799999.0,1621073.336346,3487.0,66923.84,772045.785331,0.0
2022-03-20 04:00:00,11.4893,11.5,11.2612,11.4677,116392.18,1647750599999.0,1325393.801352,3144.0,55636.09,633661.796462,0.0
2022-03-20 04:30:00,11.4707,11.6436,11.4002,11.4707,102359.53,1647752399999.0,1180404.315755,2898.0,55461.89,639937.525068,0.0
2022-03-20 05:00:00,11.4706,11.7474,11.45,11.69,137191.03,1647754199999.0,1595928.539111,3991.0,83925.14,976222.245697,0.0
2022-03-20 05:30:00,11.6916,11.9591,11.6001,11.7261,156976.08,1647755999999.0,1847583.110281,4416.0,78490.25,923401.313478,0.0
2022-03-20 06:00:00,11.7166,11.7319,11.4721,11.5393,99206.23,1647757799999.0,1150923.727165,3168.0,40477.61,470134.768668,0.0
2022-03-20 06:30:00,11.5321,11.5816,11.39,11.47,108494.04,1647759599999.0,1245619.779089,2664.0,50552.44,580151.159704,0.0
2022-03-20 07:00:00,11.47,11.63,11.4474,11.6082,88657.06,1647761399999.0,1024000.091579,2107.0,44558.53,514895.158443,0.0
2022-03-20 07:30:00,11.6085,11.6436,11.4106,11.4966,79156.09,1647763199999.0,911715.928269,2208.0,36693.61,422846.615479,0.0
2022-03-20 08:00:00,11.4908,11.67,11.42,11.5805,108886.86,1647764999999.0,1258540.390739,2468.0,59729.85,690821.885412,0.0
2022-03-20 08:30:00,11.5813,11.6869,11.5114,11.5782,73127.15,1647766799999.0,849602.267896,2128.0,41104.86,477743.896305,0.0
2022-03-20 09:00:00,11.5792,11.62,10.841,10.901,307968.69,1647768599999.0,3464415.561564,6653.0,96354.28,1086213.085223,0.0
2022-03-20 09:30:00,10.9195,11.1999,10.8331,11.15,258076.04,1647770399999.0,2845003.509247,5571.0,127056.46,1402220.958464,0.0
2022-03-20 10:00:00,11.1362,11.1694,10.8464,11.01,194036.09,1647772199999.0,2133132.279939,4250.0,82501.68,907650.754931,0.0
2022-03-20 10:30:00,11.0053,11.1,10.9172,10.9628,159984.47,1647773999999.0,1764358.175807,3647.0,67260.21,742594.006,0.0
2022-03-20 11:00:00,10.9628,11.1872,10.9303,11.1683,138208.11,1647775799999.0,1528946.509432,3374.0,84600.59,936513.975666,0.0
2022-03-20 11:30:00,11.1535,11.1539,10.9666,11.0034,108398.42,1647777599999.0,1196747.661945,2611.0,52884.22,584077.767521,0.0
2022-03-20 12:00:00,11.0043,11.0879,10.8901,10.9255,128100.5,1647779399999.0,1408480.163442,3275.0,60785.18,668846.762965,0.0
2022-03-20 12:30:00,10.931,11.1278,10.651,11.1206,289764.41,1647781199999.0,3153217.315667,5910.0,150354.24,1636622.547135,0.0
2022-03-20 13:00:00,11.1182,11.5,11.0318,11.1171,276212.29,1647782999999.0,3113727.007878,6326.0,139171.51,1568479.710146,0.0
2022-03-20 13:30:00,11.1229,11.3815,11.0705,11.2176,199884.13,1647784799999.0,2251275.70062,4180.0,98787.57,1111880.467942,0.0
2022-03-20 14:00:00,11.2186,11.2227,10.98,11.079,148765.37,1647786599999.0,1652337.509013,3088.0,75110.95,834744.504554,0.0
2022-03-20 14:30:00,11.0791,11.171,10.947,11.0473,111895.47,1647788399999.0,1235442.458705,2629.0,65967.67,728675.076191,0.0
2022-03-20 15:00:00,11.0315,11.1024,10.8222,10.8735,90476.21,1647790199999.0,992880.064113,2503.0,34621.13,380387.61439,0.0
2022-03-20 15:30:00,10.8781,11.1611,10.7772,11.0608,153606.41,1647791999999.0,1690044.060567,3443.0,84510.7,929382.469571,0.0
2022-03-20 16:00:00,11.0566,11.0566,10.8778,10.8927,154811.01,1647793799999.0,1700297.498984,3067.0,58673.39,643734.334457,0.0
2022-03-20 16:30:00,10.8927,10.9573,10.456,10.6273,271752.77,1647795599999.0,2890853.343854,5528.0,124240.11,1321367.093645,0.0
2022-03-20 17:00:00,10.6306,10.7283,10.4986,10.565,177641.45,1647797399999.0,1884274.028946,3663.0,74062.69,785980.504715,0.0
2022-03-20 17:30:00,10.56,10.6,10.1746,10.3115,253714.21,1647799199999.0,2622173.529872,4734.0,105131.13,1087033.69866,0.0
2022-03-20 18:00:00,10.3085,10.53,10.2435,10.49,205758.13,1647800999999.0,2135284.431035,4058.0,111606.88,1159205.388491,0.0
2022-03-20 18:30:00,10.489,10.5105,10.3111,10.4637,89069.41,1647802799999.0,928348.952783,2012.0,37803.59,394465.715168,0.0
2022-03-20 19:00:00,10.4551,10.5975,10.3517,10.41,86527.47,1647804599999.0,905401.511384,2004.0,43421.32,454742.644966,0.0
2022-03-20 19:30:00,10.4077,10.7,10.4004,10.5799,119376.11,1647806399999.0,1259167.745367,2812.0,63732.22,672736.350293,0.0
2022-03-20 20:00:00,10.5755,10.6161,10.4499,10.5007,99732.37,1647808199999.0,1052028.960995,2341.0,46147.36,487386.356073,0.0
2022-03-20 20:30:00,10.5018,10.5018,10.25,10.2777,89410.92,1647809999999.0,926039.138588,1844.0,28003.09,290183.664983,0.0
2022-03-20 21:00:00,10.2734,10.4603,10.25,10.3492,83255.08,1647811799999.0,862576.048333,1660.0,26079.62,269922.888214,0.0
2022-03-20 21:30:00,10.3537,10.4181,10.2173,10.3282,98274.12,1647813599999.0,1014593.306247,1909.0,52393.16,540842.290217,0.0
2022-03-20 22:00:00,10.3362,10.3961,10.0311,10.1,168073.45,1647815399999.0,1712653.347612,2811.0,75811.28,772978.240893,0.0
2022-03-20 22:30:00,10.099,10.1556,9.8,9.8318,213482.07,1647817199999.0,2131218.029361,3942.0,83675.93,835678.420671,0.0
2022-03-20 23:00:00,9.8213,9.9311,9.5143,9.5859,248533.35,1647818999999.0,2404140.147559,4214.0,122126.95,1182417.89183,0.0
2022-03-20 23:30:00,9.5745,9.6984,9.5101,9.6351,131626.88,1647820799999.0,1264895.198965,2472.0,67377.8,648250.733969,0.0
2022-03-21 00:00:00,9.6385,10.1,9.6315,10.0699,242939.47,1647822599999.0,2389190.577698,3830.0,127783.39,1255029.058321,0.0
2022-03-21 00:30:00,10.0852,10.3127,9.6623,9.8203,472972.16,1647824399999.0,4718044.28216,7301.0,237767.31,2373330.951638,0.0
2022-03-21 01:00:00,9.8204,9.8406,9.5783,9.8122,244009.39,1647826199999.0,2366397.060443,3989.0,118842.45,1153762.260404,0.0
2022-03-21 01:30:00,9.8145,9.9706,9.6643,9.9443,217049.95,1647827999999.0,2137636.433076,3826.0,121882.81,1200803.042299,0.0
2022-03-21 02:00:00,9.9392,10.1709,9.7938,9.8829,225070.97,1647829799999.0,2238062.008502,4022.0,111564.17,1111015.287628,0.0
2022-03-21 02:30:00,9.884,10.3699,9.8694,10.108,437197.63,1647831599999.0,4432303.659558,7097.0,225621.06,2287933.507661,0.0
2022-03-21 03:00:00,10.1109,10.1864,9.82,10.0616,201484.93,1647833399999.0,2018672.707608,3767.0,89890.41,901031.450406,0.0
2022-03-21 03:30:00,10.0599,10.2768,10.0,10.2479,153757.4,1647835199999.0,1557576.952791,3082.0,67310.12,682217.747476,0.0
2022-03-21 04:00:00,10.2533,10.4067,10.15,10.2668,225536.88,1647836999999.0,2322020.871069,3980.0,112837.1,1161490.042886,0.0
2022-03-21 04:30:00,10.264,10.3885,10.0698,10.1071,149963.88,1647838799999.0,1533535.710337,3097.0,77622.76,793827.814805,0.0
2022-03-21 05:00:00,10.1059,10.56,10.0949,10.4911,171842.01,1647840599999.0,1771088.819189,3088.0,100929.23,1042383.127493,0.0
2022-03-21 05:30:00,10.4942,10.7,10.3762,10.5502,271581.12,1647842399999.0,2867563.136408,5135.0,120866.9,1275876.691395,0.0
2022-03-21 06:00:00,10.5502,10.7813,10.4649,10.6766,241722.73,1647844199999.0,2579827.671341,4291.0,125075.18,1335252.702348,0.0
2022-03-21 06:30:00,10.689,10.7271,10.431,10.47,243625.32,1647845999999.0,2574495.529133,3615.0,95736.55,1012851.013965,0.0
2022-03-21 07:00:00,10.47,10.8968,10.4286,10.8688,174945.03,1647847799999.0,1858003.704207,3204.0,96041.42,1021210.871749,0.0
2022-03-21 07:30:00,10.8656,11.0145,10.7771,10.8157,268576.27,1647849599999.0,2930315.572059,4830.0,130432.28,1423228.363082,0.0
2022-03-21 08:00:00,10.8291,10.9579,10.62,10.6315,430171.32,1647851399999.0,4631674.159033,6166.0,282058.9,3038457.267911,0.0
2022-03-21 08:30:00,10.6319,10.7668,10.5563,10.64,244700.52,1647853199999.0,2605343.99397,4069.0,127125.31,1352527.953864,0.0
2022-03-21 09:00:00,10.644,10.7648,10.2309,10.3156,279810.99,1647854999999.0,2919770.462275,4684.0,102463.26,1070045.691331,0.0
2022-03-21 09:30:00,10.3182,10.5037,10.3136,10.404,280093.86,1647856799999.0,2913506.538296,3758.0,166831.26,1735847.667938,0.0
2022-03-21 10:00:00,10.4,10.6257,10.3685,10.3846,162906.73,1647858599999.0,1710294.965021,3388.0,83380.95,875497.102563,0.0
2022-03-21 10:30:00,10.3881,10.594,10.3737,10.5233,132315.26,1647860399999.0,1387665.795837,2674.0,72170.72,756885.645494,0.0
2022-03-21 11:00:00,10.52,10.6745,10.4609,10.6398,126537.86,1647862199999.0,1336635.255367,2691.0,59457.13,628309.665394,0.0
2022-03-21 11:30:00,10.64,10.73,10.5433,10.6285,141492.56,1647863999999.0,1504527.157934,2939.0,79896.98,849624.902385,0.0
2022-03-21 12:00:00,10.6326,10.6864,10.3449,10.3532,209825.28,1647865799999.0,2190442.866698,4182.0,92069.47,961130.891915,0.0
2022-03-21 12:30:00,10.3559,10.4397,10.25,10.3778,160338.85,1647867599999.0,1657184.00582,3040.0,83846.92,866589.706817,0.0
2022-03-21 13:00:00,10.3852,10.4088,10.2611,10.3048,102661.0,1647869399999.0,1060539.269996,2342.0,47024.97,485910.25896,0.0
2022-03-21 13:30:00,10.3095,10.3095,9.9607,10.0405,419430.2,1647871199999.0,4245429.476785,5668.0,203761.81,2056194.558653,0.0
2022-03-21 14:00:00,10.04,10.1582,9.9609,10.1143,143998.96,1647872999999.0,1449255.006927,3164.0,71272.16,717505.93669,0.0
2022-03-21 14:30:00,10.109,10.2,9.995,10.1613,148780.11,1647874799999.0,1502577.220264,2967.0,89561.83,904462.715033,0.0
2022-03-21 15:00:00,10.165,10.2778,10.1553,10.2298,102247.6,1647876599999.0,1044879.570799,2278.0,50818.46,519244.368424,0.0
2022-03-21 15:30:00,10.2237,10.3287,10.1645,10.21,92892.36,1647878399999.0,950986.127869,2211.0,45198.81,463108.207096,0.0
2022-03-21 16:00:00,10.2175,10.3257,10.1668,10.2466,60494.85,1647880199999.0,619524.253046,1821.0,30633.71,313930.491924,0.0
2022-03-21 16:30:00,10.2355,10.2482,10.0048,10.0705,77306.19,1647881999999.0,781033.942011,2259.0,38162.79,385522.628631,0.0
2022-03-21 17:00:00,10.0686,10.2498,10.0111,10.1044,72960.11,1647883799999.0,737237.006505,2159.0,37327.95,377183.225305,0.0
2022-03-21 17:30:00,10.1053,10.1562,10.045,10.07,40307.46,1647885599999.0,407223.412228,1352.0,19729.07,199480.724005,0.0
2022-03-21 18:00:00,10.068,10.1156,9.7193,9.89,193901.0,1647887399999.0,1924839.340851,4274.0,66806.0,660008.33703,0.0
2022-03-21 18:30:00,9.8849,10.1025,9.8026,9.81,160924.24,1647889199999.0,1599606.171471,3318.0,93151.93,926889.645981,0.0
2022-03-21 19:00:00,9.8139,9.9363,9.7465,9.9136,65925.76,1647890999999.0,649912.58548,1849.0,30970.84,305218.741767,0.0
2022-03-21 19:30:00,9.9134,9.9479,9.808,9.8874,54187.52,1647892799999.0,535235.321336,1594.0,26978.49,266550.423518,0.0
2022-03-21 20:00:00,9.8839,9.9552,9.77,9.83,57774.49,1647894599999.0,570715.88952,1564.0,24869.14,245904.38539,0.0
2022-03-21 20:30:00,9.832,9.9432,9.8019,9.9098,66595.36,1647896399999.0,657185.570766,1471.0,41693.63,411533.00203,0.0
2022-03-21 21:00:00,9.9046,10.2186,9.9,10.1469,220400.92,1647898199999.0,2221333.312528,3782.0,120764.04,1218929.573473,0.0
2022-03-21 21:30:00,10.1469,10.2499,10.0482,10.1942,86463.71,1647899999999.0,878549.939713,2222.0,48461.95,492783.355953,0.0
2022-03-21 22:00:00,10.2046,10.4492,10.1761,10.3096,179645.34,1647901799999.0,1864411.884116,4060.0,90479.73,939065.399713,0.0
2022-03-21 22:30:00,10.3079,10.6302,10.3076,10.6132,190875.7,1647903599999.0,2002606.68039,3641.0,90192.43,946375.315233,0.0
2022-03-21 23:00:00,10.6138,10.8395,10.43,10.4892,226769.99,1647905399999.0,2408508.89039,5585.0,116335.83,1235433.557037,0.0
2022-03-21 23:30:00,10.49,10.602,10.3883,10.5199,106299.98,1647907199999.0,1114222.985001,2728.0,46520.25,488143.942964,0.0
2022-03-22 00:00:00,10.5263,10.64,10.3001,10.3424,172487.62,1647908999999.0,1796468.879561,3562.0,102147.13,1062894.801511,0.0
2022-03-22 00:30:00,10.3366,10.3624,10.2194,10.3624,87660.56,1647910799999.0,901654.512974,2370.0,42859.08,441005.963096,0.0
2022-03-22 01:00:00,10.365,10.8886,10.3236,10.8491,251685.23,1647912599999.0,2675162.899754,5861.0,136265.99,1450345.172091,0.0
2022-03-22 01:30:00,10.8551,11.0276,10.7066,10.8048,349491.98,1647914399999.0,3814272.025893,6966.0,212987.67,2326169.228247,0.0
2022-03-22 02:00:00,10.7985,10.8713,10.6631,10.71,140254.41,1647916199999.0,1508377.481862,3880.0,73580.56,791709.607939,0.0
2022-03-22 02:30:00,10.7143,11.3599,10.7096,11.1206,352245.97,1647917999999.0,3922389.548549,6887.0,186933.97,2077352.054745,0.0
2022-03-22 03:00:00,11.1198,11.42,11.1163,11.3641,271089.17,1647919799999.0,3064891.131598,5881.0,149269.68,1687220.373515,0.0
2022-03-22 03:30:00,11.3666,11.6731,11.239,11.3105,256114.81,1647921599999.0,2938194.258805,6288.0,130692.25,1501117.384495,0.0
2022-03-22 04:00:00,11.3163,11.39,11.06,11.2991,179458.06,1647923399999.0,2014196.751217,3812.0,80382.21,902990.791561,0.0
2022-03-22 04:30:00,11.2943,11.4981,11.1598,11.3,195513.65,1647925199999.0,2219480.529757,3801.0,88642.55,1005589.453135,0.0
2022-03-22 05:00:00,11.3188,11.4579,11.1141,11.1828,164610.79,1647926999999.0,1857606.432375,3182.0,81469.86,920740.760708,0.0
2022-03-22 05:30:00,11.1689,11.2625,11.0048,11.021,157344.05,1647928799999.0,1750282.65901,3166.0,72850.19,810490.043892,0.0
2022-03-22 06:00:00,11.0304,11.0496,10.726,10.8319,205768.18,1647930599999.0,2232691.766105,3936.0,80981.7,878563.563129,0.0
2022-03-22 06:30:00,10.8285,10.99,10.8242,10.8699,169473.06,1647932399999.0,1848138.883307,2987.0,99487.44,1084843.219463,0.0
2022-03-22 07:00:00,10.8675,11.0495,10.8218,10.8766,92961.49,1647934199999.0,1015786.067729,2225.0,45890.03,501708.61119,0.0
2022-03-22 07:30:00,10.8807,10.9025,10.7182,10.758,98243.54,1647935999999.0,1061623.463247,2075.0,36108.04,390455.476013,0.0
2022-03-22 08:00:00,10.7582,10.795,10.5648,10.702,141345.47,1647937799999.0,1510335.099205,2952.0,69922.16,747515.624119,0.0
2022-03-22 08:30:00,10.6992,10.8998,10.68,10.7915,90763.79,1647939599999.0,980572.595105,2261.0,50109.61,541648.224282,0.0
2022-03-22 09:00:00,10.79,10.8698,10.7137,10.7545,92616.0,1647941399999.0,999109.985432,1732.0,46979.08,506937.576942,0.0
2022-03-22 09:30:00,10.7629,10.9003,10.7621,10.8578,69733.62,1647943199999.0,757201.098506,1335.0,30540.49,331099.443691,0.0
2022-03-22 10:00:00,10.8549,10.9403,10.7713,10.7838,61570.67,1647944999999.0,667108.629931,1572.0,24297.37,263425.74811,0.0
2022-03-22 10:30:00,10.7801,10.8412,10.7235,10.7829,73634.93,1647946799999.0,793563.435782,1580.0,28145.19,303209.667483,0.0
2022-03-22 11:00:00,10.7889,10.8957,10.7512,10.8601,60227.85,1647948599999.0,653035.219103,1458.0,34760.62,377139.475419,0.0
2022-03-22 11:30:00,10.8614,10.9053,10.7884,10.8703,50571.52,1647950399999.0,548809.832043,1283.0,27275.04,296248.280901,0.0
2022-03-22 12:00:00,10.872,10.8974,10.6237,10.6421,102711.53,1647952199999.0,1101983.029162,2061.0,42272.07,453571.657665,0.0
2022-03-22 12:30:00,10.6537,10.7396,10.572,10.7149,83954.16,1647953999999.0,895419.779471,1720.0,48283.59,515386.987535,0.0
2022-03-22 13:00:00,10.7199,10.7248,10.5686,10.6214,63404.39,1647955799999.0,674160.263395,1295.0,21516.7,229139.563144,0.0
2022-03-22 13:30:00,10.6281,10.75,10.6158,10.6678,37037.24,1647957599999.0,396106.093734,1337.0,19132.68,204706.677706,0.0
2022-03-22 14:00:00,10.67,10.8691,10.66,10.8618,58990.8,1647959399999.0,637404.142986,1654.0,37825.52,408853.593397,0.0
2022-03-22 14:30:00,10.8622,10.9217,10.73,10.831,89082.25,1647961199999.0,964575.63992,1863.0,43028.87,466324.580141,0.0
2022-03-22 15:00:00,10.832,10.8632,10.68,10.7466,67056.93,1647962999999.0,722154.228429,1595.0,45582.22,491104.232362,0.0
2022-03-22 15:30:00,10.75,10.987,10.7011,10.9312,110489.32,1647964799999.0,1198907.166968,2329.0,56026.26,609886.557521,0.0
2022-03-22 16:00:00,10.9345,11.2765,10.9345,11.1518,258808.1,1647966599999.0,2888853.775458,5654.0,128417.14,1432321.275719,0.0
2022-03-22 16:30:00,11.1535,11.4048,11.1212,11.3308,248766.74,1647968399999.0,2814599.956102,5541.0,133865.51,1515664.060595,0.0
2022-03-22 17:00:00,11.334,11.635,11.2861,11.6148,230902.88,1647970199999.0,2649006.434104,5528.0,130314.62,1495269.61131,0.0
2022-03-22 17:30:00,11.6147,11.84,11.5317,11.7045,407114.33,1647971999999.0,4755795.895666,8811.0,226533.11,2644616.975808,0.0
2022-03-22 18:00:00,11.6903,11.6903,11.4294,11.4999,191727.78,1647973799999.0,2215957.094328,4774.0,90756.5,1048976.914782,0.0
2022-03-22 18:30:00,11.5,11.75,11.4041,11.743,180189.88,1647975599999.0,2081297.5205,4414.0,90493.96,1046949.242925,0.0
2022-03-22 19:00:00,11.7415,12.4814,11.6573,12.3001,639352.61,1647977399999.0,7785394.829904,16004.0,365788.01,4451407.896417,0.0
2022-03-22 19:30:00,12.2991,12.5925,12.1144,12.2793,390336.76,1647979199999.0,4816190.382765,9660.0,176007.08,2172159.734932,0.0
2022-03-22 20:00:00,12.2782,12.4109,11.9602,12.0945,407198.3,1647980999999.0,4975273.315171,8750.0,175629.4,2151545.292855,0.0
2022-03-22 20:30:00,12.0921,12.1035,11.8752,11.9881,298014.93,1647982799999.0,3571987.963133,5866.0,131614.87,1577216.398356,0.0
2022-03-22 21:00:00,11.9979,12.3096,11.9705,12.0888,280172.19,1647984599999.0,3400037.552101,6188.0,176238.9,2135976.2689,0.0
2022-03-22 21:30:00,12.0806,12.1917,11.8104,11.9357,96151.45,1647986399999.0,1155154.492572,3439.0,39059.47,469842.12767,0.0
2022-03-22 22:00:00,11.9333,12.2786,11.9075,12.241,158556.21,1647988199999.0,1924978.814427,4443.0,87509.97,1062670.465688,0.0
2022-03-22 22:30:00,12.2455,12.3588,12.0994,12.1185,173520.42,1647989999999.0,2124876.03952,4440.0,80250.73,983428.655659,0.0
2022-03-22 23:00:00,12.11,12.3793,12.0235,12.21,145687.06,1647991799999.0,1781482.254146,4048.0,74263.3,907812.425003,0.0
2022-03-22 23:30:00,12.2091,12.4622,12.1564,12.2275,184395.86,1647993599999.0,2271554.136862,4389.0,89459.14,1102304.849434,0.0
2022-03-23 00:00:00,12.215,12.78,12.0865,12.6802,335374.83,1647995399999.0,4153912.767787,8557.0,210413.51,2602202.903083,0.0
2022-03-23 00:30:00,12.6898,12.8613,12.4,12.423,223100.02,1647997199999.0,2815804.814905,6450.0,93465.47,1180258.351884,0.0
2022-03-23 01:00:00,12.4153,12.4499,11.6883,11.876,353434.9,1647998999999.0,4242996.532377,8004.0,150331.13,1805771.292075,0.0
2022-03-23 01:30:00,11.8799,11.9963,11.7555,11.9652,116023.4,1648000799999.0,1382170.827206,3206.0,63398.0,755542.991543,0.0
2022-03-23 02:00:00,11.9662,12.0627,11.8025,11.9933,110012.28,1648002599999.0,1312871.101186,2534.0,59760.23,713891.828741,0.0
2022-03-23 02:30:00,11.9978,12.0333,11.7,11.8416,93240.41,1648004399999.0,1105139.312724,2449.0,40756.08,483441.645057,0.0
2022-03-23 03:00:00,11.8574,11.9035,11.597,11.7431,103947.92,1648006199999.0,1216925.655285,2806.0,47963.27,562023.74261,0.0
2022-03-23 03:30:00,11.7431,11.87,11.719,11.7342,47642.83,1648007999999.0,562015.385355,1623.0,26298.81,310228.694875,0.0
2022-03-23 04:00:00,11.7301,11.8542,11.5154,11.6229,126656.2,1648009799999.0,1477330.104781,2995.0,73141.38,852698.455088,0.0
2022-03-23 04:30:00,11.6183,11.8415,11.5944,11.8089,73730.89,1648011599999.0,866138.410447,2094.0,41710.47,490078.445308,0.0
2022-03-23 05:00:00,11.8006,12.0968,11.71,12.0587,110453.02,1648013399999.0,1313802.674254,2551.0,60352.42,718185.150662,0.0
2022-03-23 05:30:00,12.061,12.23,11.9321,12.1064,162468.93,1648015199999.0,1960871.157238,3975.0,81611.32,986390.617307,0.0
2022-03-23 06:00:00,12.1151,12.162,11.9065,12.0139,65874.33,1648016999999.0,791357.76218,2188.0,27686.78,332634.088924,0.0
2022-03-23 06:30:00,12.02,12.3423,11.9224,12.0727,148584.2,1648018799999.0,1805578.112197,3746.0,81494.34,988860.344662,0.0
2022-03-23 07:00:00,12.0797,12.1403,11.8602,11.96,130706.45,1648020599999.0,1569302.858326,2899.0,58030.18,696187.68531,0.0
2022-03-23 07:30:00,11.9632,12.0971,11.9103,11.9776,95331.67,1648022399999.0,1143096.666268,2165.0,37293.24,447892.201255,0.0
2022-03-23 08:00:00,11.9768,12.06,11.821,12.0354,90958.02,1648024199999.0,1086420.842776,2166.0,49160.48,587251.525279,0.0
2022-03-23 08:30:00,12.04,12.1226,11.9062,11.9586,81161.36,1648025999999.0,975133.714199,2249.0,34761.84,418064.819507,0.0
2022-03-23 09:00:00,11.9586,12.1799,11.94,12.1211,119215.26,1648027799999.0,1436331.028002,2715.0,77565.27,934896.263709,0.0
2022-03-23 09:30:00,12.1299,12.2603,12.02,12.2,149898.71,1648029599999.0,1823301.58153,3517.0,96874.34,1179843.919166,0.0
2022-03-23 10:00:00,12.2,12.29,12.1151,12.1901,83823.84,1648031399999.0,1021922.153024,2552.0,43617.84,531909.216484,0.0
2022-03-23 10:30:00,12.1901,12.2871,12.04,12.0445,88924.02,1648033199999.0,1081844.023278,2576.0,40036.96,487359.008249,0.0
2022-03-23 11:00:00,12.0447,12.1389,11.9038,12.0043,72542.23,1648034999999.0,872979.768478,2126.0,31276.68,376368.082631,0.0
2022-03-23 11:30:00,12.001,12.1257,11.9613,12.0836,58594.16,1648036799999.0,704763.991144,1708.0,30195.16,363203.615362,0.0
2022-03-23 12:00:00,12.0892,12.1864,11.94,12.0279,69486.48,1648038599999.0,836507.08374,2073.0,31179.91,375249.162866,0.0
2022-03-23 12:30:00,12.0279,12.1659,11.9704,12.1418,77429.03,1648040399999.0,936876.701016,1909.0,44128.57,534329.651284,0.0
2022-03-23 13:00:00,12.1403,12.56,12.1258,12.3996,224574.25,1648042199999.0,2780175.220434,6287.0,123245.77,1524333.810607,0.0
2022-03-23 13:30:00,12.3999,12.5578,12.1429,12.3,198770.93,1648043999999.0,2456109.045428,5102.0,100280.95,1239305.233994,0.0
2022-03-23 14:00:00,12.2969,12.6,12.2275,12.5095,184256.98,1648045799999.0,2293782.068475,4604.0,112191.89,1397697.7261,0.0
2022-03-23 14:30:00,12.5058,13.2,12.4368,12.9431,528020.7,1648047599999.0,6804723.683414,13033.0,283234.34,3650430.512221,0.0
2022-03-23 15:00:00,12.96,13.2804,12.9148,13.0376,358728.03,1648049399999.0,4704898.874552,8964.0,177298.05,2326955.57653,0.0
2022-03-23 15:30:00,13.0363,13.407,13.01,13.2763,370944.05,1648051199999.0,4907226.737983,8472.0,191136.02,2529553.563692,0.0
2022-03-23 16:00:00,13.2764,13.48,13.0283,13.1329,288717.05,1648052999999.0,3818377.655018,7775.0,130296.45,1723025.50208,0.0
2022-03-23 16:30:00,13.1322,13.3001,12.9736,13.2418,226979.71,1648054799999.0,2980093.008847,5426.0,116312.65,1528621.8047,0.0
2022-03-23 17:00:00,13.2453,13.4,13.0653,13.1187,205593.61,1648056599999.0,2713842.279416,4705.0,99371.45,1311143.57686,0.0
2022-03-23 17:30:00,13.1169,13.2392,12.7051,12.8547,270563.02,1648058399999.0,3515578.82387,5723.0,117464.77,1527899.957004,0.0
2022-03-23 18:00:00,12.8219,12.89,12.6313,12.86,206985.53,1648060199999.0,2639615.409453,4059.0,93567.41,1192649.370371,0.0
2022-03-23 18:30:00,12.8537,13.1365,12.8223,13.044,144921.36,1648061999999.0,1877868.536153,3507.0,85242.49,1103786.921734,0.0
2022-03-23 19:00:00,13.0289,13.2675,13.0018,13.13,144922.55,1648063799999.0,1908124.191681,3693.0,79103.54,1041842.036073,0.0
2022-03-23 19:30:00,13.127,13.2499,13.0376,13.1969,89670.99,1648065599999.0,1179394.776044,2543.0,50806.08,668685.278079,0.0
2022-03-23 20:00:00,13.1927,13.515,13.1505,13.3039,195551.88,1648067399999.0,2611920.7889,4971.0,103685.56,1385545.157903,0.0
2022-03-23 20:30:00,13.3101,13.3446,13.0771,13.1776,131902.02,1648069199999.0,1739366.861324,3247.0,59358.94,782737.744785,0.0
2022-03-23 21:00:00,13.16,13.1964,12.9272,13.1016,96251.42,1648070999999.0,1257656.486532,2456.0,44296.42,578882.651932,0.0
2022-03-23 21:30:00,13.1011,13.1328,12.9157,13.057,84907.53,1648072799999.0,1103537.791395,1957.0,45534.92,591519.868608,0.0
2022-03-23 22:00:00,13.06,13.3558,13.0478,13.2184,104066.25,1648074599999.0,1375821.142844,3087.0,57977.55,766181.704286,0.0
2022-03-23 22:30:00,13.21,13.2934,12.9932,13.0166,97567.94,1648076399999.0,1281507.663897,2312.0,32442.21,427190.261491,0.0
2022-03-23 23:00:00,13.027,13.2277,12.9503,13.1714,96270.73,1648078199999.0,1260593.162856,2546.0,53860.61,705710.205891,0.0
2022-03-23 23:30:00,13.1729,13.427,13.13,13.3226,113009.73,1648079999999.0,1500473.704276,3279.0,73557.95,976732.731006,0.0
2022-03-24 00:00:00,13.3209,13.6394,13.1437,13.6,158864.96,1648081799999.0,2126918.913333,4590.0,81832.85,1096843.07682,0.0
2022-03-24 00:30:00,13.6109,13.8749,13.4,13.67,189549.12,1648083599999.0,2588824.694446,4923.0,97218.13,1328262.59881,0.0
2022-03-24 01:00:00,13.67,13.7498,13.3238,13.4322,144437.62,1648085399999.0,1955935.530134,3753.0,76308.39,1033554.311713,0.0
2022-03-24 01:30:00,13.4353,13.744,13.3659,13.7068,113287.75,1648087199999.0,1539968.125224,3246.0,50805.13,690624.228648,0.0
2022-03-24 02:00:00,13.7068,13.7999,13.5,13.6632,110109.46,1648088999999.0,1500819.728349,3206.0,66134.87,901152.644093,0.0
2022-03-24 02:30:00,13.66,14.0681,13.6442,13.8546,257995.25,1648090799999.0,3583006.16651,6453.0,133475.24,1854333.585933,0.0
2022-03-24 03:00:00,13.8592,13.9526,13.6937,13.884,104979.2,1648092599999.0,1451829.314862,3087.0,48887.35,676566.349811,0.0
2022-03-24 03:30:00,13.8817,14.07,13.6311,13.6351,237595.61,1648094399999.0,3293666.259075,4917.0,108126.03,1499782.910523,0.0
2022-03-24 04:00:00,13.6469,13.8077,13.5875,13.72,121226.73,1648096199999.0,1661498.645649,2966.0,52367.66,718547.676806,0.0
2022-03-24 04:30:00,13.7241,13.85,13.6042,13.7244,74726.84,1648097999999.0,1025544.717916,2314.0,37210.76,511193.221443,0.0
2022-03-24 05:00:00,13.7242,13.9659,13.66,13.9433,111201.78,1648099799999.0,1542123.702266,2937.0,54629.56,757482.629097,0.0
2022-03-24 05:30:00,13.9433,14.1195,13.8376,14.0585,137366.16,1648101599999.0,1923305.059905,3874.0,68598.21,961125.809444,0.0
2022-03-24 06:00:00,14.0541,14.293,13.9619,14.17,216742.7,1648103399999.0,3070833.646531,5056.0,119473.28,1692845.803707,0.0
2022-03-24 06:30:00,14.186,14.2305,14.0515,14.11,127982.32,1648105199999.0,1812338.988843,3134.0,57213.66,810681.640411,0.0
2022-03-24 07:00:00,14.1136,14.3956,14.0511,14.3947,185701.88,1648106999999.0,2642679.089665,3983.0,94898.47,1349316.475609,0.0
2022-03-24 07:30:00,14.3959,14.474,14.2803,14.3658,219616.67,1648108799999.0,3159063.721264,5195.0,110924.7,1595905.060903,0.0
2022-03-24 08:00:00,14.3643,14.4534,14.246,14.402,158083.25,1648110599999.0,2267579.51617,3897.0,80660.75,1157562.208336,0.0
2022-03-24 08:30:00,14.4019,14.4384,14.0693,14.1157,164966.1,1648112399999.0,2350556.855305,4111.0,71491.5,1019498.852609,0.0
2022-03-24 09:00:00,14.11,14.3059,14.0299,14.2342,115071.43,1648114199999.0,1629181.325185,2849.0,53823.99,762782.811937,0.0
2022-03-24 09:30:00,14.2196,14.2344,13.6216,13.9602,302157.41,1648115999999.0,4206969.265184,7159.0,140627.2,1959776.821648,0.0
2022-03-24 10:00:00,13.9629,13.9738,13.5976,13.7664,227616.7,1648117799999.0,3124333.519897,4571.0,92139.9,1265722.013675,0.0
2022-03-24 10:30:00,13.7663,13.89,13.7016,13.7729,85259.54,1648119599999.0,1177472.514226,2374.0,42250.71,583985.769154,0.0
2022-03-24 11:00:00,13.755,13.9468,13.717,13.89,89384.6,1648121399999.0,1238216.686066,2499.0,52471.15,727370.459421,0.0
2022-03-24 11:30:00,13.8903,13.9258,13.424,13.5476,272457.54,1648123199999.0,3712294.398824,4514.0,126947.9,1726648.167576,0.0
2022-03-24 12:00:00,13.5683,13.667,13.4747,13.5296,138210.82,1648124999999.0,1874549.019399,3175.0,84659.94,1149029.443197,0.0
2022-03-24 12:30:00,13.5279,13.6027,13.2202,13.3931,214706.8,1648126799999.0,2869508.102953,4643.0,106042.17,1417038.860102,0.0
2022-03-24 13:00:00,13.3968,13.5,13.2594,13.3099,130573.3,1648128599999.0,1750313.587355,3088.0,56721.66,760750.866367,0.0
2022-03-24 13:30:00,13.3087,13.5541,13.2543,13.5026,139923.6,1648130399999.0,1879895.146266,3657.0,79084.69,1062852.83202,0.0
2022-03-24 14:00:00,13.5026,13.5847,13.258,13.3194,154139.06,1648132199999.0,2072199.752072,3439.0,65655.78,883521.288468,0.0
2022-03-24 14:30:00,13.3088,13.405,13.0407,13.405,306918.9,1648133999999.0,4045482.271223,6188.0,179618.7,2367463.01134,0.0
2022-03-24 15:00:00,13.4049,13.5315,13.2843,13.41,192780.37,1648135799999.0,2591568.099566,4097.0,112472.14,1513199.374468,0.0
2022-03-24 15:30:00,13.41,13.6944,13.3718,13.6757,164831.7,1648137599999.0,2237156.674433,4120.0,99427.64,1349180.150879,0.0
2022-03-24 16:00:00,13.6797,13.7815,13.5245,13.6133,134775.94,1648139399999.0,1840705.394302,3748.0,63207.61,863552.970731,0.0
2022-03-24 16:30:00,13.6149,13.6951,13.4001,13.6712,117738.36,1648141199999.0,1592692.188093,3317.0,58760.71,795077.018014,0.0
2022-03-24 17:00:00,13.674,13.6898,13.5516,13.64,95477.52,1648142999999.0,1300776.992009,2364.0,45673.39,622498.98278,0.0
2022-03-24 17:30:00,13.6376,13.6621,13.2728,13.2774,114374.85,1648144799999.0,1540721.600364,2971.0,43820.43,590670.600011,0.0
2022-03-24 18:00:00,13.2867,13.4749,13.2603,13.38,52267.88,1648146599999.0,699389.84176,1812.0,27910.13,373757.147679,0.0
2022-03-24 18:30:00,13.3758,13.45,13.2384,13.3122,70483.68,1648148399999.0,939641.456195,2196.0,30816.19,411004.207722,0.0
2022-03-24 19:00:00,13.3245,13.4649,13.2807,13.4299,45845.52,1648150199999.0,613384.375572,1621.0,23152.99,309711.277705,0.0
2022-03-24 19:30:00,13.4299,13.55,13.33,13.5097,61654.02,1648151999999.0,828741.99949,1771.0,32479.98,436837.18915,0.0
2022-03-24 20:00:00,13.5005,13.5936,13.433,13.5304,70656.35,1648153799999.0,955550.639161,1626.0,36307.29,491477.941412,0.0
2022-03-24 20:30:00,13.5332,13.6688,13.5142,13.5656,68391.57,1648155599999.0,929168.030324,1842.0,43030.36,584719.294512,0.0
2022-03-24 21:00:00,13.5791,13.6144,13.4291,13.4927,37951.66,1648157399999.0,512223.406234,1149.0,13832.56,186720.692014,0.0
2022-03-24 21:30:00,13.4892,13.5317,13.3946,13.5267,38204.77,1648159199999.0,513928.203488,1163.0,15042.7,202734.363238,0.0
2022-03-24 22:00:00,13.5267,13.5275,13.3401,13.3946,38455.02,1648160999999.0,517358.284219,1342.0,20871.67,281156.682561,0.0
2022-03-24 22:30:00,13.3978,13.4057,13.2623,13.3701,32758.78,1648162799999.0,436809.594368,1206.0,14093.8,187956.979094,0.0
2022-03-24 23:00:00,13.37,13.3964,13.1061,13.1383,59800.46,1648164599999.0,790336.759523,2013.0,24853.29,328365.801482,0.0
2022-03-24 23:30:00,13.1333,13.2381,12.7741,12.907,152624.46,1648166399999.0,1977176.142,3837.0,57038.9,738553.368969,0.0
2022-03-25 00:00:00,12.9112,12.9997,12.6624,12.914,170876.98,1648168199999.0,2191525.338052,3253.0,84498.36,1083479.838682,0.0
2022-03-25 00:30:00,12.9185,13.131,12.8275,13.0399,66613.71,1648169999999.0,866601.154134,1882.0,35873.65,467021.458228,0.0
2022-03-25 01:00:00,13.03,13.062,12.7762,12.8469,93371.22,1648171799999.0,1204356.473794,2219.0,43081.84,555828.38895,0.0
2022-03-25 01:30:00,12.8468,13.0917,12.8463,13.0137,97858.79,1648173599999.0,1270223.263511,1989.0,61725.98,800948.072839,0.0
2022-03-25 02:00:00,13.015,13.0384,12.7106,12.88,97592.52,1648175399999.0,1253161.603138,2135.0,44053.41,565755.759734,0.0
2022-03-25 02:30:00,12.8859,12.9008,12.7358,12.83,36249.33,1648177199999.0,463700.619918,1066.0,17961.45,229763.185223,0.0
2022-03-25 03:00:00,12.8173,12.9703,12.7779,12.8456,44945.9,1648178999999.0,578831.026515,1254.0,27684.25,356662.131231,0.0
2022-03-25 03:30:00,12.8425,12.9898,12.8324,12.94,52650.01,1648180799999.0,679574.020116,1305.0,26667.55,344350.407924,0.0
2022-03-25 04:00:00,12.9374,13.0941,12.9101,12.9747,79020.89,1648182599999.0,1028776.575086,1764.0,41187.88,536127.372041,0.0
2022-03-25 04:30:00,12.9744,13.16,12.9513,13.06,79738.51,1648184399999.0,1041539.833043,1649.0,31107.12,406260.119608,0.0
2022-03-25 05:00:00,13.0649,13.0709,12.8939,12.9236,41024.86,1648186199999.0,532355.266478,1154.0,14156.26,183668.162152,0.0
2022-03-25 05:30:00,12.9246,13.0,12.8445,12.9441,61049.52,1648187999999.0,787964.463831,1221.0,27183.97,351111.139671,0.0
2022-03-25 06:00:00,12.9441,13.3,12.9419,13.2618,138337.97,1648189799999.0,1817372.615358,2825.0,88899.67,1167991.957816,0.0
2022-03-25 06:30:00,13.2659,13.42,13.1888,13.2648,147249.94,1648191599999.0,1961144.83358,3147.0,68257.81,909685.00984,0.0
2022-03-25 07:00:00,13.2678,13.4977,13.1819,13.46,90879.78,1648193399999.0,1213670.842986,2228.0,41275.0,551708.200768,0.0
2022-03-25 07:30:00,13.4531,13.4888,13.2429,13.28,79663.92,1648195199999.0,1065350.274593,2080.0,35490.62,474506.398701,0.0
2022-03-25 08:00:00,13.28,13.3048,13.0149,13.2022,97001.22,1648196999999.0,1275550.108842,2549.0,47847.23,629315.083465,0.0
2022-03-25 08:30:00,13.2022,13.3766,13.1,13.37,93170.71,1648198799999.0,1233318.142412,2218.0,49984.34,661627.451572,0.0
2022-03-25 09:00:00,13.3651,13.371,13.15,13.2099,82073.21,1648200599999.0,1084631.779726,1704.0,43409.18,573644.831877,0.0
2022-03-25 09:30:00,13.2017,13.3682,13.1907,13.2651,167019.65,1648202399999.0,2220001.362074,2495.0,103956.76,1383222.446225,0.0
2022-03-25 10:00:00,13.2652,13.3361,13.1614,13.2185,45034.74,1648204199999.0,596591.282041,1241.0,23555.07,312234.215513,0.0
2022-03-25 10:30:00,13.21,13.2517,13.1029,13.1957,71847.32,1648205999999.0,947431.125774,1331.0,17437.97,229833.935195,0.0
2022-03-25 11:00:00,13.1973,13.33,13.19,13.33,74784.59,1648207799999.0,994120.916919,1467.0,51846.52,689307.444598,0.0
2022-03-25 11:30:00,13.33,13.4288,13.2906,13.35,112999.12,1648209599999.0,1509757.877519,1966.0,66075.21,883072.165899,0.0
2022-03-25 12:00:00,13.3504,13.4619,13.24,13.3651,72916.41,1648211399999.0,973289.186188,1698.0,33853.13,451618.045252,0.0
2022-03-25 12:30:00,13.35,13.61,13.33,13.5929,114451.58,1648213199999.0,1540517.46878,2569.0,78632.58,1058773.30839,0.0
2022-03-25 13:00:00,13.5928,13.7,13.5056,13.5257,131005.46,1648214999999.0,1782269.322536,3128.0,69032.04,939319.917447,0.0
2022-03-25 13:30:00,13.5258,13.5636,13.4083,13.5,77235.37,1648216799999.0,1042197.210166,2152.0,32273.97,435732.561676,0.0
2022-03-25 14:00:00,13.5053,13.5617,13.2852,13.4243,98831.19,1648218599999.0,1325667.965363,2350.0,45700.16,613457.033434,0.0
2022-03-25 14:30:00,13.4244,13.5,13.367,13.49,52953.3,1648220399999.0,711217.903133,1312.0,26844.24,360632.63799,0.0
2022-03-25 15:00:00,13.495,13.495,12.88,12.9527,168710.08,1648222199999.0,2221338.013132,3712.0,51357.2,675801.925131,0.0
2022-03-25 15:30:00,12.9553,13.0696,12.8586,12.9838,149245.3,1648223999999.0,1937560.908976,2995.0,63228.23,821329.839001,0.0
2022-03-25 16:00:00,12.9663,13.12,12.9081,12.9326,112143.44,1648225799999.0,1457007.676004,2217.0,44254.07,575425.662697,0.0
2022-03-25 16:30:00,12.9323,12.9329,12.6616,12.7128,126965.47,1648227599999.0,1624357.245252,2546.0,53733.54,687894.900445,0.0
2022-03-25 17:00:00,12.7041,12.8175,12.3923,12.5938,165774.41,1648229399999.0,2080592.218051,3600.0,72561.05,910203.328203,0.0
2022-03-25 17:30:00,12.5975,12.6361,12.4653,12.6118,63321.91,1648231199999.0,795226.067524,1613.0,31332.0,393593.688532,0.0
2022-03-25 18:00:00,12.6235,12.8424,12.6234,12.7747,66863.38,1648232999999.0,852010.65585,1703.0,39380.31,501825.765339,0.0
2022-03-25 18:30:00,12.7748,12.88,12.7184,12.8131,47014.19,1648234799999.0,601950.799601,1362.0,17410.66,222790.563716,0.0
2022-03-25 19:00:00,12.822,12.8383,12.453,12.5014,76244.18,1648236599999.0,959310.314319,1866.0,21563.74,271082.079925,0.0
2022-03-25 19:30:00,12.4949,12.654,12.4152,12.629,40602.12,1648238399999.0,509243.804955,1172.0,18643.72,234156.03635,0.0
2022-03-25 20:00:00,12.6166,12.7112,12.5602,12.655,30045.09,1648240199999.0,380420.735737,999.0,18081.14,229004.128184,0.0
2022-03-25 20:30:00,12.65,12.765,12.5535,12.7092,49267.67,1648241999999.0,622969.746516,1157.0,25182.33,318935.177991,0.0
2022-03-25 21:00:00,12.7,12.7481,12.6377,12.7047,23318.84,1648243799999.0,296025.662117,661.0,15503.82,196816.521717,0.0
2022-03-25 21:30:00,12.7099,12.7529,12.5195,12.6601,46784.22,1648245599999.0,590758.174751,1279.0,20939.79,264732.97671,0.0
2022-03-25 22:00:00,12.6659,12.6672,12.4883,12.5198,31478.91,1648247399999.0,394911.918207,859.0,11871.68,149030.36345,0.0
2022-03-25 22:30:00,12.521,12.5676,12.2288,12.3535,124934.2,1648249199999.0,1544376.628283,2537.0,52118.19,643805.957273,0.0
2022-03-25 23:00:00,12.3575,12.4799,12.307,12.3123,35109.69,1648250999999.0,435255.890182,914.0,19959.56,247712.463966,0.0
2022-03-25 23:30:00,12.3146,12.41,12.2873,12.3888,62147.2,1648252799999.0,767429.848443,1262.0,35478.96,438295.292844,0.0
2022-03-26 00:00:00,12.3883,12.7,12.3661,12.66,103692.03,1648254599999.0,1304123.714502,2072.0,58731.77,738292.547669,0.0
2022-03-26 00:30:00,12.6687,12.7032,12.481,12.513,49237.51,1648256399999.0,619245.427988,1204.0,20924.32,263417.453612,0.0
2022-03-26 01:00:00,12.5,12.7312,12.4579,12.65,47126.73,1648258199999.0,594643.196558,1325.0,28136.51,354942.990275,0.0
2022-03-26 01:30:00,12.6592,12.8,12.5759,12.732,52235.71,1648259999999.0,665743.28526,1336.0,20027.26,254915.551119,0.0
2022-03-26 02:00:00,12.7201,13.0,12.67,12.9791,96467.48,1648261799999.0,1241810.533144,1831.0,63773.41,821090.428601,0.0
2022-03-26 02:30:00,12.9789,13.01,12.8104,12.9367,65518.45,1648263599999.0,845617.100324,1506.0,35259.37,455089.827544,0.0
2022-03-26 03:00:00,12.9565,12.9783,12.8409,12.8519,45828.37,1648265399999.0,591807.575526,969.0,22279.12,287795.067137,0.0
2022-03-26 03:30:00,12.8516,12.92,12.7742,12.8214,36571.62,1648267199999.0,469197.682077,840.0,12667.27,162638.475541,0.0
2022-03-26 04:00:00,12.8107,12.9443,12.804,12.859,43399.85,1648268999999.0,559601.712391,809.0,25572.22,329820.817725,0.0
2022-03-26 04:30:00,12.8496,12.8719,12.7199,12.7773,27630.09,1648270799999.0,353711.707723,750.0,10300.09,131985.079287,0.0
2022-03-26 05:00:00,12.7779,12.8318,12.7157,12.8318,21212.18,1648272599999.0,270890.472569,574.0,11730.99,149854.598905,0.0
2022-03-26 05:30:00,12.8308,13.0999,12.8199,13.0326,78215.29,1648274399999.0,1016221.22794,1842.0,53959.45,700995.477801,0.0
2022-03-26 06:00:00,13.0326,13.2753,13.0326,13.13,121997.93,1648276199999.0,1607986.974568,2913.0,55260.14,728046.527158,0.0
2022-03-26 06:30:00,13.1274,13.1635,12.9718,13.0475,46419.71,1648277999999.0,606314.860107,1188.0,20085.8,262397.408912,0.0
2022-03-26 07:00:00,13.0586,13.0587,12.9304,13.009,30447.4,1648279799999.0,396055.013011,778.0,17016.16,221369.970502,0.0
2022-03-26 07:30:00,13.015,13.144,12.9985,13.02,51537.91,1648281599999.0,673357.553196,1153.0,26114.01,341141.392915,0.0
2022-03-26 08:00:00,13.0153,13.1192,12.9313,12.9403,32284.1,1648283399999.0,419764.945793,948.0,15938.09,207380.863962,0.0
2022-03-26 08:30:00,12.9495,13.0077,12.8811,12.9214,29936.23,1648285199999.0,387078.637593,742.0,15168.31,196220.634003,0.0
2022-03-26 09:00:00,12.93,12.9878,12.8318,12.9086,51286.76,1648286999999.0,662752.897974,920.0,29465.35,380854.406185,0.0
2022-03-26 09:30:00,12.92,12.9574,12.8542,12.8977,28370.98,1648288799999.0,365912.663678,654.0,15750.62,203042.344598,0.0
2022-03-26 10:00:00,12.8958,12.9043,12.78,12.8,34964.98,1648290599999.0,448627.589595,828.0,14866.72,190763.169719,0.0
2022-03-26 10:30:00,12.797,12.881,12.7042,12.8619,38202.97,1648292399999.0,489076.578853,1040.0,14824.18,190150.858071,0.0
2022-03-26 11:00:00,12.8686,12.9483,12.8141,12.8699,37210.94,1648294199999.0,479937.380874,898.0,13759.47,177444.822133,0.0
2022-03-26 11:30:00,12.8697,12.8798,12.7366,12.7366,22692.03,1648295999999.0,290497.012622,652.0,6472.07,82992.514474,0.0
2022-03-26 12:00:00,12.7366,12.8295,12.6673,12.7064,31820.61,1648297799999.0,404888.244914,929.0,14331.4,182356.823193,0.0
2022-03-26 12:30:00,12.7064,12.9083,12.6128,12.8338,94068.95,1648299599999.0,1203169.242156,2234.0,57717.48,738336.896698,0.0
2022-03-26 13:00:00,12.8343,12.957,12.8,12.8196,41109.31,1648301399999.0,529196.082176,1238.0,22531.99,290285.076588,0.0
2022-03-26 13:30:00,12.82,12.9499,12.8068,12.9447,21135.67,1648303199999.0,272292.670223,787.0,11383.8,146649.209008,0.0
2022-03-26 14:00:00,12.9414,13.6,12.9119,13.4412,251707.14,1648304999999.0,3338327.88321,5650.0,169255.66,2248169.756728,0.0
2022-03-26 14:30:00,13.4497,13.6618,13.3241,13.6441,215847.09,1648306799999.0,2914229.431762,4535.0,125795.16,1701018.265126,0.0
2022-03-26 15:00:00,13.6334,13.7658,13.373,13.473,229858.26,1648308599999.0,3123425.117863,4362.0,110726.38,1505305.062881,0.0
2022-03-26 15:30:00,13.463,13.6521,13.4401,13.5442,92200.72,1648310399999.0,1249172.264078,2166.0,56963.35,771984.93707,0.0
2022-03-26 16:00:00,13.5561,13.84,13.458,13.7285,250795.73,1648312199999.0,3431868.987362,4216.0,140758.23,1926050.475672,0.0
2022-03-26 16:30:00,13.72,14.1591,13.6877,14.0857,325716.76,1648313999999.0,4556372.522366,6093.0,159447.71,2227037.931411,0.0
2022-03-26 17:00:00,14.0722,14.2585,13.95,14.1495,345428.22,1648315799999.0,4884006.816718,5801.0,143291.91,2027533.719127,0.0
2022-03-26 17:30:00,14.1507,14.1927,13.9076,13.9921,140838.19,1648317599999.0,1972220.064391,2801.0,60499.23,846925.716873,0.0
2022-03-26 18:00:00,13.9746,14.0699,13.6987,13.8141,131940.46,1648319399999.0,1829086.40103,2750.0,45937.71,636695.66085,0.0
2022-03-26 18:30:00,13.8163,14.05,13.773,14.025,65442.03,1648321199999.0,910114.544504,1519.0,45571.66,634001.365632,0.0
2022-03-26 19:00:00,14.0201,14.0402,13.85,13.8838,45077.37,1648322999999.0,628478.648204,1178.0,22741.94,317232.209789,0.0
2022-03-26 19:30:00,13.8716,13.9947,13.8249,13.895,39834.91,1648324799999.0,554251.125234,1113.0,18206.83,253521.83431,0.0
2022-03-26 20:00:00,13.895,14.0,13.7622,13.8028,54383.0,1648326599999.0,756780.849352,1340.0,25514.32,355165.090747,0.0
2022-03-26 20:30:00,13.8066,13.873,13.7176,13.8272,52270.53,1648328399999.0,720980.299333,1180.0,21412.86,295381.636481,0.0
2022-03-26 21:00:00,13.8272,13.8586,13.6427,13.6516,41994.21,1648330199999.0,576974.161548,1197.0,21852.37,300028.270901,0.0
2022-03-26 21:30:00,13.6515,13.7617,13.5865,13.6243,38485.33,1648331999999.0,525929.934293,1111.0,15147.37,206853.895445,0.0
2022-03-26 22:00:00,13.6306,13.7434,13.5277,13.7307,78076.89,1648333799999.0,1064203.345655,1319.0,35164.55,479838.873582,0.0
2022-03-26 22:30:00,13.7387,13.7744,13.6087,13.6094,36327.82,1648335599999.0,497638.484301,933.0,17595.35,240994.010451,0.0
2022-03-26 23:00:00,13.6098,13.9,13.6037,13.793,38040.16,1648337399999.0,524674.872661,1205.0,22052.46,304013.844634,0.0
2022-03-26 23:30:00,13.8,13.92,13.7236,13.835,39693.24,1648339199999.0,549855.191712,1187.0,24764.87,343227.984336,0.0
2022-03-27 00:00:00,13.835,13.8881,13.6083,13.6897,44876.54,1648340999999.0,615442.920814,1322.0,21481.19,294676.762222,0.0
2022-03-27 00:30:00,13.7,13.742,13.5138,13.54,44863.23,1648342799999.0,611543.66405,1014.0,21252.04,289612.634774,0.0
2022-03-27 01:00:00,13.54,13.6319,13.3317,13.44,56803.67,1648344599999.0,765838.304193,1587.0,26239.18,353821.770478,0.0
2022-03-27 01:30:00,13.4421,13.4754,13.3002,13.4501,39911.75,1648346399999.0,534753.822131,954.0,23914.55,320439.412806,0.0
2022-03-27 02:00:00,13.4433,13.5476,13.3653,13.5411,32840.65,1648348199999.0,442906.316096,752.0,18146.92,244972.568038,0.0
2022-03-27 02:30:00,13.5482,13.6297,13.4892,13.567,23841.67,1648349999999.0,323187.859678,594.0,12127.0,164485.618911,0.0
2022-03-27 03:00:00,13.567,13.69,13.505,13.645,24702.15,1648351799999.0,336534.43799,698.0,11487.16,156543.574277,0.0
2022-03-27 03:30:00,13.645,13.645,13.4674,13.5258,28695.07,1648353599999.0,388262.570368,736.0,9636.03,130389.513039,0.0
2022-03-27 04:00:00,13.5241,13.6537,13.4867,13.4867,19638.73,1648355399999.0,266657.424284,697.0,8851.42,120241.188568,0.0
2022-03-27 04:30:00,13.4853,13.537,13.4099,13.4671,30789.13,1648357199999.0,414795.966679,653.0,14073.13,189490.699716,0.0
2022-03-27 05:00:00,13.4597,13.4811,13.3742,13.4403,30215.39,1648358999999.0,405478.760958,716.0,10100.34,135612.118074,0.0
2022-03-27 05:30:00,13.4481,13.5526,13.4399,13.508,14877.31,1648360799999.0,200927.648399,509.0,7595.35,102587.447836,0.0
2022-03-27 06:00:00,13.511,13.9711,13.511,13.9519,127842.52,1648362599999.0,1763423.246522,2929.0,75089.77,1033404.407647,0.0
2022-03-27 06:30:00,13.9519,14.0831,13.8722,13.9153,111716.26,1648364399999.0,1562727.959105,2699.0,59992.88,839311.230938,0.0
2022-03-27 07:00:00,13.912,14.199,13.87,14.1146,88711.67,1648366199999.0,1245382.896232,2338.0,45329.01,636962.697366,0.0
2022-03-27 07:30:00,14.1146,14.24,14.1011,14.1477,99766.91,1648367999999.0,1413786.977437,2399.0,60622.34,859465.292869,0.0
2022-03-27 08:00:00,14.1524,14.2,13.9875,14.0658,76685.35,1648369799999.0,1078525.664915,1882.0,38191.72,537519.22399,0.0
2022-03-27 08:30:00,14.06,14.3633,14.06,14.2542,121497.43,1648371599999.0,1731699.828777,3133.0,81154.98,1156539.036104,0.0
2022-03-27 09:00:00,14.26,14.26,14.0532,14.1342,102645.79,1648373399999.0,1452692.270638,2177.0,44370.74,627971.115782,0.0
2022-03-27 09:30:00,14.1323,14.1616,13.95,13.9501,68897.88,1648375199999.0,967088.470289,1762.0,26636.09,374136.947414,0.0
2022-03-27 10:00:00,13.95,14.0764,13.9227,13.9739,75879.32,1648376999999.0,1062186.850564,1702.0,38742.18,542472.848139,0.0
2022-03-27 10:30:00,13.9875,13.9961,13.8371,13.8597,68496.65,1648378799999.0,951760.249936,1486.0,26835.46,372909.974005,0.0
2022-03-27 11:00:00,13.8578,13.9609,13.7314,13.8392,55511.53,1648380599999.0,769565.327038,1588.0,25337.36,351336.440265,0.0
2022-03-27 11:30:00,13.8335,14.035,13.8335,13.9842,60692.61,1648382399999.0,845796.583698,1151.0,36940.37,515247.606892,0.0
2022-03-27 12:00:00,13.9844,14.063,13.8591,13.9194,83182.04,1648384199999.0,1163467.055065,1558.0,35145.98,491731.241293,0.0
2022-03-27 12:30:00,13.9273,13.96,13.7249,13.7383,46727.59,1648385999999.0,646948.212612,1282.0,19362.04,268327.841532,0.0
2022-03-27 13:00:00,13.7386,13.8662,13.5561,13.7958,105707.56,1648387799999.0,1450565.04401,2268.0,49723.83,683638.693243,0.0
2022-03-27 13:30:00,13.7958,14.0062,13.7082,13.9488,99352.44,1648389599999.0,1380632.362574,1987.0,51968.51,723131.067251,0.0
2022-03-27 14:00:00,13.9586,14.05,13.87,14.0456,58454.11,1648391399999.0,815009.112378,1358.0,32593.97,454698.23389,0.0
2022-03-27 14:30:00,14.0447,14.0455,13.8172,13.8405,50976.56,1648393199999.0,711093.274292,1329.0,23816.87,332169.340922,0.0
2022-03-27 15:00:00,13.8395,14.05,13.7843,14.0413,51553.52,1648394999999.0,716862.31365,1279.0,28674.84,398760.54585,0.0
2022-03-27 15:30:00,14.05,14.179,13.9097,13.9453,84586.62,1648396799999.0,1185977.843234,2163.0,43214.12,606251.592381,0.0
2022-03-27 16:00:00,13.9522,14.0565,13.81,14.0034,100326.77,1648398599999.0,1397968.053202,1838.0,53200.83,741698.101721,0.0
2022-03-27 16:30:00,14.0006,14.0382,13.8765,13.9483,84851.27,1648400399999.0,1181772.716323,1235.0,51074.56,711307.164755,0.0
2022-03-27 17:00:00,13.9534,14.115,13.9276,13.981,54100.51,1648402199999.0,758340.019989,1346.0,34616.51,485101.179378,0.0
2022-03-27 17:30:00,13.9965,14.0459,13.9087,13.9499,34184.65,1648403999999.0,477779.094174,780.0,9061.49,126721.838001,0.0
2022-03-27 18:00:00,13.9584,14.0174,13.9056,13.9658,27357.13,1648405799999.0,381622.540458,651.0,13229.26,184607.435629,0.0
2022-03-27 18:30:00,13.9636,13.9891,13.9099,13.9718,20409.65,1648407599999.0,284597.505726,494.0,13209.04,184257.621262,0.0
2022-03-27 19:00:00,13.9699,13.9978,13.8,13.8417,43122.07,1648409399999.0,597971.125134,1155.0,17221.56,238679.258709,0.0
2022-03-27 19:30:00,13.8417,13.85,13.7144,13.75,35748.89,1648411199999.0,492706.647075,930.0,15626.64,215292.233934,0.0
2022-03-27 20:00:00,13.7547,13.8051,13.6692,13.7348,24511.74,1648412999999.0,336514.331084,777.0,9953.52,136750.429666,0.0
2022-03-27 20:30:00,13.7356,13.9649,13.711,13.9606,79649.79,1648414799999.0,1106406.148939,1777.0,40387.31,561301.667287,0.0
2022-03-27 21:00:00,13.9595,14.003,13.8001,13.95,62127.36,1648416599999.0,864353.690016,1453.0,25194.61,350862.689859,0.0
2022-03-27 21:30:00,13.9394,14.1999,13.9197,14.1904,65470.12,1648418399999.0,920433.831889,2002.0,46373.55,651861.750548,0.0
2022-03-27 22:00:00,14.1955,14.1999,14.0064,14.1095,41283.97,1648420199999.0,581315.323408,1286.0,20259.73,285084.251135,0.0
2022-03-27 22:30:00,14.1113,14.26,14.068,14.144,71908.16,1648421999999.0,1019964.545155,2086.0,40994.72,581764.494654,0.0
2022-03-27 23:00:00,14.1472,14.1815,14.0336,14.1422,40820.42,1648423799999.0,576227.123269,1151.0,23056.38,325579.838303,0.0
2022-03-27 23:30:00,14.1445,14.3215,14.0748,14.2743,70703.2,1648425599999.0,1003918.779729,2067.0,48749.79,692389.153394,0.0
2022-03-28 00:00:00,14.2756,14.88,14.2012,14.7059,326181.7,1648427399999.0,4775804.308386,7961.0,164889.73,2413664.048974,0.0
2022-03-28 00:30:00,14.7013,14.9946,14.6224,14.9891,162736.05,1648429199999.0,2419604.003141,4254.0,91119.72,1355298.590812,0.0
2022-03-28 01:00:00,14.9891,15.0658,14.8021,14.8743,136828.7,1648430999999.0,2042685.440766,3394.0,67048.12,1001607.94674,0.0
2022-03-28 01:30:00,14.8835,15.423,14.7482,15.3202,180266.25,1648432799999.0,2729087.799047,5060.0,99307.93,1504177.032357,0.0
2022-03-28 02:00:00,15.3259,15.463,15.1791,15.2809,139028.22,1648434599999.0,2128876.626474,3261.0,67537.67,1034680.685394,0.0
2022-03-28 02:30:00,15.2824,15.5289,15.245,15.4926,124130.04,1648436399999.0,1910223.256735,3147.0,59904.5,922521.820399,0.0
2022-03-28 03:00:00,15.4999,15.5614,15.255,15.2845,121589.55,1648438199999.0,1870132.522476,2867.0,59236.81,911040.795203,0.0
2022-03-28 03:30:00,15.2894,15.3801,15.1249,15.2571,101710.27,1648439999999.0,1550717.419239,2155.0,48464.53,739553.235734,0.0
2022-03-28 04:00:00,15.25,15.2914,15.06,15.0978,66174.31,1648441799999.0,1004581.797199,1768.0,31939.89,484915.983958,0.0
2022-03-28 04:30:00,15.1071,15.2856,15.0457,15.2856,56108.71,1648443599999.0,849929.136482,1382.0,31226.53,473480.83179,0.0
2022-03-28 05:00:00,15.2784,15.3725,15.177,15.2305,90665.26,1648445399999.0,1384026.245885,1707.0,41911.65,640067.358432,0.0
2022-03-28 05:30:00,15.224,15.24,14.8978,14.95,138494.28,1648447199999.0,2086543.345198,2623.0,49937.02,753643.15689,0.0
2022-03-28 06:00:00,14.9663,15.0,14.8001,14.8756,109804.41,1648448999999.0,1635061.758817,2094.0,46478.65,691827.120571,0.0
2022-03-28 06:30:00,14.8784,14.9542,14.8078,14.9087,83928.64,1648450799999.0,1249078.898791,1602.0,39091.24,582172.081596,0.0
2022-03-28 07:00:00,14.9058,14.9477,14.8512,14.91,37041.7,1648452599999.0,551945.844533,917.0,23112.83,344572.073366,0.0
2022-03-28 07:30:00,14.9022,14.9033,14.6432,14.6997,119618.28,1648454399999.0,1768102.630489,2297.0,40598.01,599829.334176,0.0
2022-03-28 08:00:00,14.6994,14.8359,14.6529,14.83,69697.39,1648456199999.0,1027732.668519,1456.0,31777.04,469095.727256,0.0
2022-03-28 08:30:00,14.8278,15.1,14.7387,15.0265,145509.28,1648457999999.0,2175475.292768,2837.0,95023.87,1420054.444284,0.0
2022-03-28 09:00:00,15.0266,15.0656,14.9002,14.9648,83735.92,1648459799999.0,1254681.824731,1678.0,34419.7,515761.043583,0.0
2022-03-28 09:30:00,14.9698,15.1746,14.92,15.0385,81373.34,1648461599999.0,1225591.103034,2033.0,41090.41,618624.937318,0.0
2022-03-28 10:00:00,15.0384,15.1245,14.973,15.0827,45215.7,1648463399999.0,680077.438778,1131.0,19165.52,288389.319506,0.0
2022-03-28 10:30:00,15.0914,15.0987,14.8301,14.9058,83185.52,1648465199999.0,1242384.669395,1954.0,39022.34,582332.187981,0.0
2022-03-28 11:00:00,14.9058,15.1788,14.89,15.1703,64331.13,1648466999999.0,966629.352634,1790.0,38978.9,586342.730097,0.0
2022-03-28 11:30:00,15.1769,15.455,15.1208,15.4213,215176.53,1648468799999.0,3285087.396021,4432.0,132635.31,2024677.703076,0.0
2022-03-28 12:00:00,15.414,15.4971,15.1648,15.2454,122553.62,1648470599999.0,1874694.921857,2645.0,53974.68,826083.915018,0.0
2022-03-28 12:30:00,15.2423,15.2478,14.89,15.0019,136313.53,1648472399999.0,2049029.598104,2939.0,48291.36,724381.679508,0.0
2022-03-28 13:00:00,15.0076,15.1055,14.9523,15.0524,67535.99,1648474199999.0,1014619.465531,1569.0,33409.79,502025.386203,0.0
2022-03-28 13:30:00,15.0525,15.1687,14.98,15.0767,106725.8,1648475999999.0,1606459.282895,2244.0,40570.34,611168.373616,0.0
2022-03-28 14:00:00,15.0722,15.0846,14.66,14.8505,235929.82,1648477799999.0,3502070.144448,3755.0,107852.85,1600711.432959,0.0
2022-03-28 14:30:00,14.856,15.0455,14.83,14.99,65182.13,1648479599999.0,973562.49563,1748.0,42416.77,633397.018114,0.0
2022-03-28 15:00:00,14.9901,15.1183,14.7568,14.9838,151589.17,1648481399999.0,2267980.055015,2597.0,57101.1,858456.975561,0.0
2022-03-28 15:30:00,14.9808,14.9808,14.7875,14.8017,73842.96,1648483199999.0,1097829.48862,1516.0,19327.36,287289.119481,0.0
2022-03-28 16:00:00,14.8056,14.9231,14.716,14.7676,63047.34,1648484999999.0,934558.057868,1524.0,32363.31,480602.507993,0.0
2022-03-28 16:30:00,14.779,15.0384,14.7735,14.9305,51420.82,1648486799999.0,768831.507583,1584.0,30371.64,454192.866326,0.0
2022-03-28 17:00:00,14.9391,14.9667,14.8244,14.96,32470.59,1648488599999.0,483261.602628,1077.0,16001.31,238202.300057,0.0
2022-03-28 17:30:00,14.9599,15.0865,14.9425,15.038,86004.18,1648490399999.0,1291533.873202,1657.0,45030.63,676439.200081,0.0
2022-03-28 18:00:00,15.0255,15.0963,14.9389,15.0373,37811.44,1648492199999.0,568148.5644,1026.0,20416.3,306876.510132,0.0
2022-03-28 18:30:00,15.0333,15.2253,15.0259,15.1728,97474.15,1648493999999.0,1475790.973857,2114.0,69746.89,1056101.804687,0.0
2022-03-28 19:00:00,15.1757,15.2368,15.0122,15.1579,44491.82,1648495799999.0,672682.719781,1460.0,22328.09,337835.370148,0.0
2022-03-28 19:30:00,15.1579,15.177,14.9068,14.9886,37554.86,1648497599999.0,564155.635539,1287.0,12212.12,183528.412804,0.0
2022-03-28 20:00:00,14.9886,15.05,14.9301,14.9301,26382.52,1648499399999.0,395324.014429,798.0,13934.17,208892.838903,0.0
2022-03-28 20:30:00,14.9301,14.985,14.8542,14.9302,26007.95,1648501199999.0,388437.313673,742.0,13585.44,203055.384683,0.0
2022-03-28 21:00:00,14.94,15.1589,14.94,15.004,62848.22,1648502999999.0,946915.584718,1705.0,35532.05,535514.247844,0.0
2022-03-28 21:30:00,15.004,15.0173,14.7073,14.94,118105.46,1648504799999.0,1756507.281197,2282.0,35288.62,524664.337235,0.0
2022-03-28 22:00:00,14.9148,14.9216,14.506,14.7028,132165.22,1648506599999.0,1937088.637238,2814.0,54479.51,797417.996719,0.0
2022-03-28 22:30:00,14.7028,14.8463,14.3232,14.4762,85779.62,1648508399999.0,1252627.099337,2386.0,30587.21,447216.685991,0.0
2022-03-28 23:00:00,14.4633,14.621,14.2083,14.3509,105702.16,1648510199999.0,1519890.494173,2375.0,53160.16,764671.925366,0.0
2022-03-28 23:30:00,14.3558,14.3919,13.89,14.0185,142742.82,1648511999999.0,2015629.463888,2942.0,57701.03,814150.919038,0.0
2022-03-29 00:00:00,14.0296,14.2387,13.6721,13.988,233949.97,1648513799999.0,3257440.091976,4543.0,111330.32,1554132.525451,0.0
2022-03-29 00:30:00,13.988,14.2281,13.9754,14.0721,93106.61,1648515599999.0,1312494.70414,2141.0,46881.18,661006.679891,0.0
2022-03-29 01:00:00,14.075,14.2446,14.0234,14.1603,36147.58,1648517399999.0,511629.939305,1190.0,18143.12,256924.660836,0.0
2022-03-29 01:30:00,14.1665,14.3457,14.0737,14.2956,74338.61,1648519199999.0,1055417.49976,1523.0,47706.6,677237.394126,0.0
2022-03-29 02:00:00,14.2941,14.335,14.1684,14.2681,65315.6,1648520999999.0,932315.549709,1275.0,24104.59,344120.485313,0.0
2022-03-29 02:30:00,14.2605,14.3226,14.1047,14.1368,47771.62,1648522799999.0,677700.021557,1117.0,17715.95,251245.20851,0.0
2022-03-29 03:00:00,14.1359,14.288,14.07,14.2385,72946.99,1648524599999.0,1033830.900356,1226.0,45722.27,648045.700757,0.0
2022-03-29 03:30:00,14.2426,14.4373,14.2093,14.2352,75946.14,1648526399999.0,1086896.958855,1450.0,36225.08,518463.335082,0.0
2022-03-29 04:00:00,14.2423,14.4275,14.1723,14.4027,59004.75,1648528199999.0,842662.637941,1159.0,37351.9,533841.521321,0.0
2022-03-29 04:30:00,14.4027,14.5,14.2711,14.4429,54288.71,1648529999999.0,781881.363388,1272.0,24115.96,347642.856153,0.0
2022-03-29 05:00:00,14.4617,14.5818,14.4051,14.4559,45887.68,1648531799999.0,665324.264606,1101.0,29808.35,432082.46635,0.0
2022-03-29 05:30:00,14.4539,14.4589,14.3452,14.4305,27519.56,1648533599999.0,396697.099913,773.0,13021.87,187757.336922,0.0
2022-03-29 06:00:00,14.4305,14.4586,14.3136,14.3206,29972.89,1648535399999.0,431484.221605,710.0,14546.06,209447.45,0.0
2022-03-29 06:30:00,14.3407,14.4073,14.2181,14.3368,45685.97,1648537199999.0,653373.137351,1086.0,19442.63,277963.963983,0.0
2022-03-29 07:00:00,14.3194,14.3329,14.1256,14.22,55437.02,1648538999999.0,786084.577927,1155.0,30843.22,437193.608494,0.0
2022-03-29 07:30:00,14.2237,14.2287,13.881,14.0467,105014.6,1648540799999.0,1474915.572562,2155.0,34507.37,484004.463833,0.0
2022-03-29 08:00:00,14.0441,14.2253,14.0373,14.2241,31526.22,1648542599999.0,447005.659049,840.0,12753.96,180828.189078,0.0
2022-03-29 08:30:00,14.2241,14.2906,14.1852,14.2738,39234.85,1648544399999.0,558823.075864,867.0,19371.3,276056.630995,0.0
2022-03-29 09:00:00,14.2631,14.4676,14.2412,14.2979,82682.81,1648546199999.0,1188792.011579,1737.0,31720.11,455657.682399,0.0
2022-03-29 09:30:00,14.302,14.3091,14.1589,14.2231,69913.0,1648547999999.0,993192.110176,1211.0,35109.05,498856.744239,0.0
2022-03-29 10:00:00,14.2231,14.2362,14.0672,14.1918,49800.33,1648549799999.0,703501.177398,1042.0,27801.67,392526.744533,0.0
2022-03-29 10:30:00,14.1978,14.2973,14.172,14.2342,47201.2,1648551599999.0,672492.904708,917.0,16007.84,228026.759674,0.0
2022-03-29 11:00:00,14.2342,14.3098,14.2114,14.2771,34961.22,1648553399999.0,498857.078318,819.0,23435.29,334431.493729,0.0
2022-03-29 11:30:00,14.2771,14.389,14.1523,14.33,49021.86,1648555199999.0,699600.194126,1221.0,21030.01,300640.780965,0.0
2022-03-29 12:00:00,14.3269,14.4781,14.25,14.3558,85976.47,1648556999999.0,1234628.394174,1641.0,60227.31,864597.605517,0.0
2022-03-29 12:30:00,14.3652,14.55,14.3304,14.3922,75107.51,1648558799999.0,1086073.082137,1698.0,42392.02,613460.275904,0.0
2022-03-29 13:00:00,14.3848,14.4458,14.2765,14.3436,43617.54,1648560599999.0,626115.751128,1115.0,22844.86,328131.391704,0.0
2022-03-29 13:30:00,14.3389,14.3811,14.0372,14.1462,112041.06,1648562399999.0,1591722.479574,2333.0,31419.08,445963.373975,0.0
2022-03-29 14:00:00,14.1463,14.2459,14.0685,14.2011,73464.16,1648564199999.0,1039954.014056,1292.0,36570.43,517799.452943,0.0
2022-03-29 14:30:00,14.2012,14.2461,14.0766,14.1417,48393.79,1648565999999.0,685252.928026,1065.0,22855.02,323797.943775,0.0
2022-03-29 15:00:00,14.139,14.2925,14.0501,14.2693,63794.09,1648567799999.0,904622.643063,1386.0,37206.47,527713.706307,0.0
2022-03-29 15:30:00,14.2699,14.2699,13.7271,13.8557,132413.82,1648569599999.0,1844469.661508,3182.0,46480.88,645732.26156,0.0
2022-03-29 16:00:00,13.8576,13.9398,13.3335,13.7441,184819.86,1648571399999.0,2518711.765334,4967.0,83688.88,1139679.894462,0.0
2022-03-29 16:30:00,13.7493,13.8807,13.6388,13.8172,101951.4,1648573199999.0,1405427.550517,1877.0,39653.32,546884.345902,0.0
2022-03-29 17:00:00,13.7929,13.7929,13.5558,13.6019,75510.18,1648574999999.0,1030690.014374,1635.0,35762.93,488218.616845,0.0
2022-03-29 17:30:00,13.6156,13.86,13.56,13.8357,58837.19,1648576799999.0,807874.249212,1386.0,33248.94,457024.227143,0.0
2022-03-29 18:00:00,13.8161,13.9325,13.7624,13.8814,48507.36,1648578599999.0,673147.384252,1249.0,27625.16,383450.051514,0.0
2022-03-29 18:30:00,13.8743,13.876,13.7162,13.7644,27914.44,1648580399999.0,385183.022884,856.0,10305.57,142291.549843,0.0
2022-03-29 19:00:00,13.7652,14.0131,13.7445,13.9483,51009.6,1648582199999.0,708935.127848,1338.0,27801.69,386345.875417,0.0
2022-03-29 19:30:00,13.962,13.9912,13.8343,13.9177,25372.24,1648583999999.0,353351.163052,739.0,13694.12,190807.373399,0.0
2022-03-29 20:00:00,13.9091,13.9851,13.7537,13.8094,65392.82,1648585799999.0,905573.848963,1406.0,21543.68,298642.957353,0.0
2022-03-29 20:30:00,13.8091,13.8172,13.5999,13.6731,85458.54,1648587599999.0,1169137.389035,1752.0,36740.24,502393.452678,0.0
2022-03-29 21:00:00,13.6639,13.7549,13.5784,13.7488,49875.49,1648589399999.0,681100.011573,1189.0,26593.34,363169.663558,0.0
2022-03-29 21:30:00,13.7487,13.7584,13.4403,13.5406,74308.91,1648591199999.0,1010278.454048,1806.0,28164.04,382929.469957,0.0
2022-03-29 22:00:00,13.5333,13.6232,13.4228,13.522,47209.13,1648592999999.0,638606.15123,1099.0,24384.96,330112.952026,0.0
2022-03-29 22:30:00,13.5256,13.6717,13.3698,13.619,62287.39,1648594799999.0,843389.068995,1484.0,29704.69,402870.519215,0.0
2022-03-29 23:00:00,13.6192,13.72,13.5617,13.6824,68143.73,1648596599999.0,929455.272481,1107.0,34726.67,473178.658633,0.0
2022-03-29 23:30:00,13.6812,13.777,13.58,13.599,55995.96,1648598399999.0,766438.545096,1282.0,27569.86,377904.945511,0.0
2022-03-30 00:00:00,13.6003,13.84,13.4847,13.5973,73012.71,1648600199999.0,997220.032352,2082.0,35035.24,478877.849214,0.0
2022-03-30 00:30:00,13.599,13.7241,13.5009,13.6354,40412.04,1648601999999.0,550292.252018,1151.0,16427.81,223806.224694,0.0
2022-03-30 01:00:00,13.628,13.66,13.4649,13.4832,65487.23,1648603799999.0,888168.466164,1188.0,21594.28,293123.860425,0.0
2022-03-30 01:30:00,13.4785,13.5524,13.046,13.2364,124435.77,1648605599999.0,1646673.377173,3345.0,60564.86,801243.483367,0.0
2022-03-30 02:00:00,13.2346,13.428,13.1886,13.3988,43586.63,1648607399999.0,580847.910126,1079.0,23386.27,311809.074209,0.0
2022-03-30 02:30:00,13.3874,13.4323,13.218,13.3267,71597.09,1648609199999.0,954197.081911,1298.0,27484.88,366116.493538,0.0
2022-03-30 03:00:00,13.3275,13.3968,13.2529,13.3968,33511.23,1648610999999.0,446439.382984,753.0,15833.96,211062.779001,0.0
2022-03-30 03:30:00,13.3971,13.4151,13.2598,13.3755,59174.05,1648612799999.0,789751.035135,954.0,24102.85,322000.046269,0.0
2022-03-30 04:00:00,13.3755,13.4741,13.3093,13.3501,39987.84,1648614599999.0,536001.624164,909.0,24808.3,332844.099028,0.0
2022-03-30 04:30:00,13.3501,13.3538,13.2178,13.3344,31541.41,1648616399999.0,419614.035754,754.0,12844.68,170922.879218,0.0
2022-03-30 05:00:00,13.324,13.5761,13.2644,13.5755,56661.3,1648618199999.0,760057.366,1259.0,37839.52,507857.411453,0.0
2022-03-30 05:30:00,13.5691,14.1463,13.4802,14.123,222958.69,1648619999999.0,3073671.657391,4152.0,126142.81,1738829.703786,0.0
2022-03-30 06:00:00,14.1082,14.3852,14.0,14.1718,262577.25,1648621799999.0,3735620.583861,4391.0,129237.83,1839126.557798,0.0
2022-03-30 06:30:00,14.196,14.4074,14.0603,14.373,154120.57,1648623599999.0,2193066.175047,3277.0,75381.31,1072972.312946,0.0
2022-03-30 07:00:00,14.3794,14.507,14.15,14.3837,252599.52,1648625399999.0,3623783.567743,3968.0,131183.19,1886428.648658,0.0
2022-03-30 07:30:00,14.3916,14.3917,14.1258,14.1911,59012.92,1648627199999.0,839351.266034,1616.0,21370.69,304438.601329,0.0
2022-03-30 08:00:00,14.1934,14.25,13.8968,14.0137,122794.78,1648628999999.0,1723412.987448,2427.0,50701.69,711195.928833,0.0
2022-03-30 08:30:00,14.0269,14.1854,13.8649,14.1649,79635.91,1648630799999.0,1119620.025918,1906.0,51538.85,725045.538101,0.0
2022-03-30 09:00:00,14.1489,14.1711,13.8158,13.9524,55633.35,1648632599999.0,778190.507078,1545.0,28076.36,393185.078094,0.0
2022-03-30 09:30:00,13.9524,14.1204,13.8801,14.1165,58604.43,1648634399999.0,821461.836031,1397.0,38703.69,542869.182203,0.0
2022-03-30 10:00:00,14.1165,14.2,14.0023,14.1799,52060.16,1648636199999.0,734061.43199,1277.0,29563.02,417220.786463,0.0
2022-03-30 10:30:00,14.1838,14.3005,14.0723,14.114,111944.62,1648637999999.0,1591235.273156,2104.0,63996.4,910020.40721,0.0
2022-03-30 11:00:00,14.1139,14.5694,14.1045,14.4708,223132.52,1648639799999.0,3216967.087786,5187.0,117597.47,1695600.912771,0.0
2022-03-30 11:30:00,14.4709,14.5852,14.3161,14.3862,71188.76,1648641599999.0,1027145.598048,1988.0,33217.09,479167.592026,0.0
2022-03-30 12:00:00,14.4069,14.425,14.2252,14.2252,59017.82,1648643399999.0,843466.37152,1340.0,28927.49,413636.507163,0.0
2022-03-30 12:30:00,14.2413,14.3444,14.1298,14.2581,44180.57,1648645199999.0,629335.583538,1368.0,19197.86,273741.58753,0.0
2022-03-30 13:00:00,14.2585,14.2585,14.014,14.0997,43531.4,1648646999999.0,615123.764006,1345.0,16894.88,238903.864601,0.0
2022-03-30 13:30:00,14.1044,14.11,13.9056,13.9625,131034.79,1648648799999.0,1833703.964033,2186.0,92298.09,1291630.819699,0.0
2022-03-30 14:00:00,13.9598,14.0399,13.8,14.0051,123418.99,1648650599999.0,1720985.53831,2207.0,81033.06,1131426.062284,0.0
2022-03-30 14:30:00,14.0001,14.025,13.9169,13.9503,69505.1,1648652399999.0,972026.027962,1176.0,26640.89,372676.805109,0.0
2022-03-30 15:00:00,13.9502,13.98,13.6757,13.7382,89150.18,1648654199999.0,1231751.689526,2142.0,36905.5,509961.297474,0.0
2022-03-30 15:30:00,13.737,13.9905,13.68,13.96,73605.91,1648655999999.0,1018974.095016,1642.0,41353.1,572820.5742,0.0
2022-03-30 16:00:00,13.96,14.108,13.8666,14.0964,61132.47,1648657799999.0,854773.679788,1489.0,39100.08,546943.498026,0.0
2022-03-30 16:30:00,14.1,14.2083,14.0235,14.125,50019.7,1648659599999.0,706376.257125,1545.0,22758.39,321724.715959,0.0
2022-03-30 17:00:00,14.1212,14.1984,13.95,14.0049,45153.37,1648661399999.0,635028.638939,1291.0,15363.57,216522.386854,0.0
2022-03-30 17:30:00,14.0048,14.2498,13.98,14.1699,34969.08,1648663199999.0,494362.990196,1308.0,20137.07,285080.935472,0.0
2022-03-30 18:00:00,14.17,14.2004,13.9892,14.0617,31865.31,1648664999999.0,448926.61313,1107.0,12055.8,169908.79809,0.0
2022-03-30 18:30:00,14.0598,14.0694,13.8398,13.8628,29633.66,1648666799999.0,413437.295514,1115.0,15171.12,211603.546211,0.0
2022-03-30 19:00:00,13.8696,13.9454,13.7785,13.8318,42194.73,1648668599999.0,584322.555846,1238.0,16606.79,230352.951982,0.0
2022-03-30 19:30:00,13.8313,13.8858,13.71,13.8779,28365.54,1648670399999.0,391307.43721,1144.0,14081.23,194468.092696,0.0
2022-03-30 20:00:00,13.8779,13.91,13.7343,13.7773,38963.71,1648672199999.0,537933.511445,1020.0,11353.63,156813.796685,0.0
2022-03-30 20:30:00,13.7546,13.87,13.6852,13.86,43382.81,1648673999999.0,599138.430986,878.0,27552.19,380815.77647,0.0
2022-03-30 21:00:00,13.8711,13.8876,13.7584,13.86,18945.0,1648675799999.0,262199.399238,581.0,10475.89,145103.463915,0.0
2022-03-30 21:30:00,13.865,13.9,13.6511,13.79,32846.1,1648677599999.0,451181.766966,1002.0,11811.25,162357.832702,0.0
2022-03-30 22:00:00,13.79,13.8729,13.74,13.8298,29174.56,1648679399999.0,403114.19466,698.0,18032.14,249206.226166,0.0
2022-03-30 22:30:00,13.832,13.9413,13.8047,13.8644,21817.42,1648681199999.0,302800.90326,695.0,10428.74,144797.974151,0.0
2022-03-30 23:00:00,13.8687,13.9426,13.8402,13.8571,21966.47,1648682999999.0,305304.074864,496.0,13709.93,190682.115142,0.0
2022-03-30 23:30:00,13.8551,14.2399,13.8257,14.2108,55971.52,1648684799999.0,786945.252981,2191.0,34805.56,489837.966844,0.0
2022-03-31 00:00:00,14.2107,14.39,14.0747,14.15,96735.75,1648686599999.0,1376342.360936,2941.0,53078.81,755188.715665,0.0
2022-03-31 00:30:00,14.1446,14.1653,14.0213,14.0958,29301.67,1648688399999.0,413156.397651,958.0,13532.15,190824.530073,0.0
2022-03-31 01:00:00,14.0991,14.2345,14.0941,14.2295,24770.38,1648690199999.0,350820.303054,856.0,14960.89,211889.777459,0.0
2022-03-31 01:30:00,14.2295,14.3149,14.0801,14.27,45481.52,1648691999999.0,646174.641119,1328.0,23928.2,339982.355646,0.0
2022-03-31 02:00:00,14.2777,14.29,14.05,14.05,35622.64,1648693799999.0,503634.643315,1094.0,10583.82,149665.013516,0.0
2022-03-31 02:30:00,14.05,14.0738,13.8859,13.9116,48492.55,1648695599999.0,677660.282544,1524.0,18862.23,263701.601909,0.0
2022-03-31 03:00:00,13.92,13.9976,13.8622,13.973,24373.76,1648697399999.0,339952.367703,694.0,13040.41,181914.110585,0.0
2022-03-31 03:30:00,13.9667,14.0529,13.9442,14.0529,23521.13,1648699199999.0,329183.535744,621.0,13931.28,195047.176439,0.0
2022-03-31 04:00:00,14.0433,14.1048,13.9041,13.96,36699.99,1648700999999.0,514999.956127,890.0,25691.85,360830.855495,0.0
2022-03-31 04:30:00,13.9696,14.0509,13.815,13.9,34185.39,1648702799999.0,475615.377135,987.0,15925.82,221704.70707,0.0
2022-03-31 05:00:00,13.8947,14.03,13.8721,14.0084,30537.5,1648704599999.0,426435.879218,757.0,16440.81,229737.847049,0.0
2022-03-31 05:30:00,14.0161,14.0451,13.9588,13.9675,16790.78,1648706399999.0,234988.226785,461.0,7014.88,98226.833498,0.0
2022-03-31 06:00:00,13.97,14.0442,13.96,14.02,10007.96,1648708199999.0,140223.677951,305.0,5779.66,80997.210812,0.0
2022-03-31 06:30:00,14.02,14.0425,13.8545,13.93,37228.94,1648709999999.0,519501.764612,859.0,14945.26,208620.637336,0.0
2022-03-31 07:00:00,13.9292,13.9378,13.845,13.8861,27060.2,1648711799999.0,375632.110518,701.0,9756.01,135520.538482,0.0
2022-03-31 07:30:00,13.8966,13.97,13.87,13.91,16514.31,1648713599999.0,229814.357847,486.0,8491.06,118171.377763,0.0
2022-03-31 08:00:00,13.9101,14.02,13.9028,13.9465,22483.4,1648715399999.0,314096.674123,586.0,12509.66,174782.32026,0.0
2022-03-31 08:30:00,13.9448,13.9633,13.7652,13.8601,66807.78,1648717199999.0,924949.341989,1491.0,30733.75,425808.324491,0.0
2022-03-31 09:00:00,13.86,13.9055,13.8438,13.8599,14859.69,1648718999999.0,206173.093999,486.0,8328.26,115584.742896,0.0
2022-03-31 09:30:00,13.8599,13.91,13.78,13.9015,29357.47,1648720799999.0,406756.467312,724.0,15794.45,219058.088879,0.0
2022-03-31 10:00:00,13.91,13.9293,13.8438,13.8777,14748.65,1648722599999.0,204914.578069,529.0,6883.14,95694.779804,0.0
2022-03-31 10:30:00,13.8742,14.0721,13.8578,13.9813,86786.3,1648724399999.0,1213969.863496,1487.0,65310.85,914639.599873,0.0
2022-03-31 11:00:00,13.9814,14.01,13.9,13.91,25735.63,1648726199999.0,358599.380913,615.0,9611.5,133961.445914,0.0
2022-03-31 11:30:00,13.9066,13.9164,13.8178,13.8685,27905.63,1648727999999.0,386963.539153,731.0,11309.56,156787.357196,0.0
2022-03-31 12:00:00,13.8556,14.0998,13.8215,14.064,63626.96,1648729799999.0,888108.820473,1310.0,38485.17,537418.818682,0.0
2022-03-31 12:30:00,14.0765,14.1135,13.9844,14.0235,60257.64,1648731599999.0,846156.144973,1322.0,26762.18,376030.139216,0.0
2022-03-31 13:00:00,14.0235,14.0957,13.8228,13.8978,73938.98,1648733399999.0,1028205.704191,1691.0,30463.3,423675.208675,0.0
2022-03-31 13:30:00,13.8977,13.9276,13.505,13.641,113162.29,1648735199999.0,1555358.620082,2670.0,59106.08,812205.520555,0.0
2022-03-31 14:00:00,13.6422,13.6484,12.54,12.8609,388302.63,1648736999999.0,5046606.329192,9891.0,149671.15,1944160.864394,0.0
2022-03-31 14:30:00,12.8607,13.3753,12.8121,13.3307,128516.88,1648738799999.0,1691004.327891,3257.0,74043.58,973700.909828,0.0
2022-03-31 15:00:00,13.3202,13.3871,13.0438,13.1248,78489.15,1648740599999.0,1034704.316556,2288.0,37459.34,493701.389987,0.0
2022-03-31 15:30:00,13.1275,13.2315,13.0184,13.1,65408.23,1648742399999.0,857992.201086,1866.0,32472.59,426245.43834,0.0
2022-03-31 16:00:00,13.0957,13.1519,12.8,12.8612,85710.23,1648744199999.0,1113601.912451,2667.0,33204.02,431780.762213,0.0
2022-03-31 16:30:00,12.8653,12.9322,12.6519,12.8778,37405.35,1648745999999.0,478341.450537,1334.0,14692.54,188124.132802,0.0
